air_store_id,train_days,test_days,seasonal_naive_rmsle,seasonal_naive_rmse_log,seasonal_naive_mape,sarima_no_exog_rmsle,sarima_no_exog_rmse_log,sarima_no_exog_mape,sarima_no_exog_aic,sarima_no_exog_status,arimax_holiday_only_rmsle,arimax_holiday_only_rmse_log,arimax_holiday_only_mape,arimax_holiday_only_aic,arimax_holiday_only_status,air_genre_name,air_area_name,delta_sarima_vs_naive,delta_holiday_arimax_vs_naive,delta_holiday_arimax_vs_sarima
air_5c817ef28f236bdf,438,39,0.6250091742721982,0.6250091742721982,76.89224566839286,0.45423567857901437,0.45423567857901437,50.523240750194454,578.2262257966452,SARIMA no exog,0.4635447111711382,0.4635447111711382,52.44725054115188,557.511516038296,SARIMAX holiday only,Izakaya,Tōkyō-to Shibuya-ku Shibuya,0.17077349569318379,0.16146446310105994,-0.009309032592123845
air_36bcf77d3382d36e,439,39,0.4837786148309487,0.4837786148309487,47.98657756557802,0.3236161043356392,0.3236161043356392,27.86349039335811,417.54468372203127,SARIMA no exog,0.2818864929535534,0.2818864929535534,25.19297130632774,363.8193114904342,SARIMAX holiday only,Bar/Cocktail,Tōkyō-to Chiyoda-ku Kudanminami,0.1601625104953095,0.2018921218773953,0.04172961138208581
air_a083834e7ffe187e,439,39,0.793872278531669,0.793872278531669,139.5598408049157,0.7353721827755365,0.7353721827755365,119.1721507564092,779.3385902083578,SARIMA no exog,0.73293922077644,0.73293922077644,118.74956782295625,778.9241678840151,SARIMAX holiday only,Izakaya,Miyagi-ken Sendai-shi Kamisugi,0.058500095756132464,0.06093305775522895,0.0024329619990964835
air_d97dabf7aae60da5,439,39,0.44559412220016387,0.44559412220016387,38.48915417952494,0.4911126824376158,0.4911126824376158,34.29683422325121,600.5654230691707,SARIMA no exog,0.46898173607790633,0.46898173607790633,33.88307765743624,517.8429923304118,SARIMAX holiday only,Cafe/Sweets,Tōkyō-to Shibuya-ku Jingūmae,-0.04551856023745193,-0.023387613877742464,0.02213094635970947
air_60a7057184ec7ec7,439,39,0.5401042980219157,0.5401042980219157,48.30127878597446,0.40978255355978443,0.40978255355978443,34.71846503186239,660.5558453107619,SARIMA no exog,0.3970505997312255,0.3970505997312255,33.9630121692799,650.428056800489,SARIMAX holiday only,Izakaya,Fukuoka-ken Fukuoka-shi Torikai,0.1303217444621313,0.14305369829069026,0.012731953828558962
air_71903025d39a4571,439,39,0.6480820695419723,0.6480820695419723,92.25419015237759,0.4380236847715225,0.4380236847715225,46.76381584859027,600.6035006390318,SARIMA no exog,0.4298416221894682,0.4298416221894682,46.86615496456278,593.7234296652648,SARIMAX holiday only,Cafe/Sweets,Hokkaidō Sapporo-shi Minami 3 Jōnishi,0.21005838477044986,0.21824044735250414,0.008182062582054284
air_232dcee6f7c51d37,438,39,0.5922094902892413,0.5922094902892413,57.75796852719929,0.49254526727745795,0.49254526727745795,51.736555970270835,486.31720663240975,SARIMA no exog,0.48781375473495286,0.48781375473495286,49.99582404954411,471.924833707619,SARIMAX holiday only,Cafe/Sweets,Tōkyō-to Shinjuku-ku Nishishinjuku,0.09966422301178335,0.10439573555428844,0.00473151254250509
air_883ca28ef0ed3d55,439,39,0.6220551697157812,0.6220551697157812,52.334090719420566,0.3985088251572711,0.3985088251572711,32.72651086372461,675.8381711345417,SARIMA no exog,0.39375463912704295,0.39375463912704295,32.66766231567223,677.1167420438569,SARIMAX holiday only,Bar/Cocktail,Tōkyō-to Nakano-ku Nakano,0.22354634455851013,0.22830053058873828,0.004754186030228147
air_7a946aada80376a4,436,39,0.5240852360615633,0.5240852360615633,49.15458290131791,0.3594863092952998,0.3594863092952998,30.706969580097887,431.4935181951914,SARIMA no exog,0.3431268730797375,0.3431268730797375,30.26992439809676,410.81503026528605,SARIMAX holiday only,Cafe/Sweets,Ōsaka-fu Ōsaka-shi Kyūtarōmachi,0.16459892676626353,0.18095836298182583,0.016359436215562295
air_cb7467aed805e7fe,439,39,0.45482883258123846,0.45482883258123846,46.87126232706335,0.3204877945104929,0.3204877945104929,26.412438358900907,651.6567415706272,SARIMA no exog,0.32060852154412683,0.32060852154412683,25.805569961171127,644.4609855718719,SARIMAX holiday only,Izakaya,Fukuoka-ken Fukuoka-shi Daimyō,0.13434103807074554,0.13422031103711163,-0.00012072703363391613
air_d0e8a085d8dc83aa,439,39,0.8139982334970859,0.8139982334970859,85.27448962969325,0.5713254064477012,0.5713254064477012,72.40961628665559,673.243607059645,SARIMA no exog,0.5721211904772925,0.5721211904772925,72.49098619727856,675.1254942665896,SARIMAX holiday only,Cafe/Sweets,Hyōgo-ken Kōbe-shi Sumiyoshi Higashimachi,0.24267282704938464,0.2418770430197934,-0.00079578402959124
air_4cca5666eaf5c709,437,39,0.36668028273847786,0.36668028273847786,32.4872530546852,0.3881415670407514,0.3881415670407514,29.132455734266344,557.3791721430416,SARIMA no exog,0.38807083013574006,0.38807083013574006,29.12986338423393,559.3748972099819,SARIMAX holiday only,Izakaya,Tōkyō-to Kōtō-ku Kameido,-0.021461284302273564,-0.021390547397262205,7.073690501135932e-05
air_04341b588bde96cd,439,39,0.6054852462163772,0.6054852462163772,55.201616172887014,0.4426326163858693,0.4426326163858693,35.006510667928595,783.98126732037,SARIMA no exog,0.44255405629637656,0.44255405629637656,35.00269666936844,785.9628332953648,SARIMAX holiday only,Izakaya,Tōkyō-to Nerima-ku Toyotamakita,0.1628526298305079,0.16293118992000066,7.856008949275184e-05
air_fe22ef5a9cbef123,439,39,0.8317101333313697,0.8317101333313697,101.33325410725764,0.6715620970416702,0.6715620970416702,84.51048412451378,853.2390340730337,SARIMA no exog,0.6386101479640724,0.6386101479640724,81.78536334027939,827.2686626935522,SARIMAX holiday only,Dining bar,Fukuoka-ken Fukuoka-shi Daimyō,0.16014803628969942,0.19309998536729722,0.0329519490775978
air_3c05c8f26c611eb9,438,39,1.4307761786043085,1.4307761786043085,99.17984038254357,0.6356163848763512,0.6356163848763512,56.17783959651131,815.710139596584,SARIMA no exog,0.6382778060181935,0.6382778060181935,56.37492566915292,817.390699544213,SARIMAX holiday only,Izakaya,Hiroshima-ken Fukuyama-shi Higashisakuramachi,0.7951597937279573,0.792498372586115,-0.002661421141842313
air_6b15edd1b4fbb96a,438,39,0.579210730422218,0.579210730422218,61.08041206531398,0.48525225125113153,0.48525225125113153,42.902153126484585,731.6362561474687,SARIMA no exog,0.4746825684299423,0.4746825684299423,42.114305820408084,720.338728638408,SARIMAX holiday only,Italian/French,Shizuoka-ken Hamamatsu-shi Motoshirochō,0.09395847917108652,0.10452816199227577,0.010569682821189252
air_dea0655f96947922,438,39,0.26167685862946855,0.26167685862946855,21.81786293814153,0.24404247011301064,0.24404247011301064,18.84124142749379,558.8552923897703,SARIMA no exog,0.23684349774799807,0.23684349774799807,18.18890357262786,546.7958165179058,SARIMAX holiday only,Dining bar,Ōsaka-fu Ōsaka-shi Ōgimachi,0.017634388516457905,0.02483336088147048,0.007198972365012574
air_39dccf7df20b1c6a,439,39,0.5794263337539577,0.5794263337539577,49.247702361770095,0.4025358286372518,0.4025358286372518,33.31294320962979,687.695682544504,SARIMA no exog,0.40613962752517246,0.40613962752517246,33.43816826634103,687.6465885251235,SARIMAX holiday only,Izakaya,Hyōgo-ken Takarazuka-shi Tōyōchō,0.1768905051167059,0.17328670622878523,-0.003603798887920673
air_7cf5a02c0e01b647,438,39,0.6277937846166309,0.6277937846166309,65.48485624136212,0.5588924147578915,0.5588924147578915,71.06133355816408,715.3865799111975,SARIMA no exog,0.5588114985823868,0.5588114985823868,71.03535042916526,717.3174495803072,SARIMAX holiday only,Izakaya,Hyōgo-ken Kōbe-shi Motomachidōri,0.0689013698587394,0.06898228603424417,8.091617550476382e-05
air_ba495cccc8f0f237,438,39,0.6936031123760908,0.6936031123760908,85.0826167429567,0.4554901556377141,0.4554901556377141,48.7432549531308,757.0013532486773,SARIMA no exog,0.4557880602545156,0.4557880602545156,48.88027018193803,758.8775850302566,SARIMAX holiday only,Bar/Cocktail,Tōkyō-to Chūō-ku Ginza,0.23811295673837674,0.23781505212157522,-0.00029790461680151425
air_536043fcf1a4f8a4,439,39,0.4705544573904175,0.4705544573904175,48.846897332648055,0.3786048324469178,0.3786048324469178,33.20872654055515,675.8723882852764,SARIMA no exog,0.3741070529719421,0.3741070529719421,32.42709534368485,667.8892740371673,SARIMAX holiday only,Bar/Cocktail,Ōsaka-fu Ōsaka-shi Kyūtarōmachi,0.09194962494349973,0.09644740441847544,0.004497779474975705
air_2b8b29ddfd35018e,438,39,0.8460700599107199,0.8460700599107199,179.29988263975218,0.5484903939333473,0.5484903939333473,78.213405087503,854.1681730383337,SARIMA no exog,0.5696066481504961,0.5696066481504961,84.58337083199984,848.0026115527244,SARIMAX holiday only,Okonomiyaki/Monja/Teppanyaki,Hiroshima-ken Hiroshima-shi Kokutaijimachi,0.2975796659773726,0.2764634117602238,-0.0211162542171488
air_638c35eb25e53eea,438,39,0.8288689166129153,0.8288689166129153,125.37246249455261,0.7034599987964335,0.7034599987964335,67.50759186079837,850.3790706893651,SARIMA no exog,0.7015674881067792,0.7015674881067792,66.66046460034575,849.1089565573814,SARIMAX holiday only,Italian/French,Fukuoka-ken Fukuoka-shi Daimyō,0.12540891781648178,0.12730142850613613,0.0018925106896543475
air_e270aff84ac7e4c8,438,39,0.9282754576027942,0.9282754576027942,144.5784628702895,0.767218349203483,0.767218349203483,113.2528396976759,782.5168482110115,SARIMA no exog,0.7659248531850043,0.7659248531850043,112.4797415795639,782.8185056653977,SARIMAX holiday only,Okonomiyaki/Monja/Teppanyaki,Hiroshima-ken Hiroshima-shi Kokutaijimachi,0.1610571083993112,0.16235060441778992,0.0012934960184787236
air_287d2de7d3c93406,437,39,0.8061179503465239,0.8061179503465239,135.57280503446358,0.7128302727115531,0.7128302727115531,105.46178996028321,711.0752536307469,SARIMA no exog,0.7020043763672478,0.7020043763672478,99.76853257157254,689.5285581111553,SARIMAX holiday only,Bar/Cocktail,Tōkyō-to Toshima-ku Minamiikebukuro,0.09328767763497081,0.10411357397927612,0.010825896344305308
air_640cf4835f0d9ba3,436,39,0.9445784827493143,0.9445784827493143,58.18184565873283,0.5044055769969993,0.5044055769969993,46.53751040193876,834.6694313114951,SARIMA no exog,0.5135800842694631,0.5135800842694631,46.815078067164976,831.517420806925,SARIMAX holiday only,Izakaya,Tōkyō-to Ōta-ku Kamata,0.44017290575231505,0.4309983984798512,-0.009174507272463828
air_8c119d1f16049f20,436,39,0.6203180835326343,0.6203180835326343,82.10162267354386,0.48415971877810565,0.48415971877810565,55.10991482049901,438.9554172242815,SARIMA no exog,0.4820378089190228,0.4820378089190228,54.75257176437355,440.70250066072174,SARIMAX holiday only,Cafe/Sweets,Tōkyō-to Shinjuku-ku Kabukichō,0.13615836475452864,0.13828027461361148,0.002121909859082838
air_f6b2489ccf873c3b,436,39,0.3387004185328204,0.3387004185328204,32.01886061082608,0.23602362283656622,0.23602362283656622,21.51000821508245,404.5158488859015,SARIMA no exog,0.2391526665764243,0.2391526665764243,22.07908788867617,394.0549104872458,SARIMAX holiday only,Bar/Cocktail,Tōkyō-to Chūō-ku Tsukiji,0.10267679569625418,0.09954775195639609,-0.0031290437398580895
air_383f5b2f8d345a49,438,39,0.6792142472638804,0.6792142472638804,49.26082851594876,0.5815401516419585,0.5815401516419585,54.238913986075765,719.774430531362,SARIMA no exog,0.5702602179183887,0.5702602179183887,54.261903118032485,718.6671243137245,SARIMAX holiday only,Dining bar,Tōkyō-to Setagaya-ku Setagaya,0.09767409562192186,0.1089540293454917,0.011279933723569835
air_93ebe490d4abb8e9,436,39,0.5925152852152131,0.5925152852152131,77.21017005249621,0.5876046270894428,0.5876046270894428,80.62701878097064,722.4449460846633,SARIMA no exog,0.5977766412902616,0.5977766412902616,85.03324948125913,707.6430440794063,SARIMAX holiday only,Bar/Cocktail,Tōkyō-to Shinjuku-ku Nishishinjuku,0.004910658125770295,-0.005261356075048518,-0.010172014200818813
air_4d71826793c09b22,435,39,0.3410543499792496,0.3410543499792496,30.14681044387877,0.19083392619896733,0.19083392619896733,13.741301314587338,304.99503541350305,SARIMA no exog,0.1885642665692372,0.1885642665692372,13.685544267299111,306.8895991950864,SARIMAX holiday only,Japanese food,Tōkyō-to Minato-ku Shibakōen,0.15022042378028228,0.1524900834100124,0.0022696596297301364
air_05c325d315cc17f5,439,39,0.481554034562547,0.481554034562547,41.564127453257925,0.3492853955971914,0.3492853955971914,26.49761185089049,689.9895627298112,SARIMA no exog,0.34466599722317776,0.34466599722317776,25.72072839361849,685.961217891441,SARIMAX holiday only,Izakaya,Fukuoka-ken Fukuoka-shi Daimyō,0.13226863896535557,0.13688803733936922,0.00461939837401365
air_1e665503b8474c55,438,39,0.6615906330265193,0.6615906330265193,86.25682721836566,0.5076791192515204,0.5076791192515204,66.08900089818344,819.5091532909707,SARIMA no exog,0.509436276615436,0.509436276615436,65.63083887960653,820.3032909751972,SARIMAX holiday only,Dining bar,Fukuoka-ken Fukuoka-shi Daimyō,0.1539115137749989,0.15215435641108332,-0.0017571573639155735
air_707d4b6328f2c2df,436,39,0.8838186000094831,0.8838186000094831,112.50451940882205,0.8207506648619736,0.8207506648619736,107.73662690970363,941.0284779360024,SARIMA no exog,0.8345366318195588,0.8345366318195588,111.61769439277667,926.3190353395189,SARIMAX holiday only,Dining bar,Tōkyō-to Shibuya-ku Shibuya,0.06306793514750952,0.04928196818992425,-0.013785966957585272
air_7e12c5d27f44a8de,436,39,0.3492384504434921,0.3492384504434921,34.1770279029916,0.301348477728704,0.301348477728704,27.146231319986292,630.745432807221,SARIMA no exog,0.32546458980147874,0.32546458980147874,27.277642039556227,607.9708754039884,SARIMAX holiday only,Dining bar,Tōkyō-to Setagaya-ku Setagaya,0.04788997271478812,0.023773860642013367,-0.024116112072774754
air_8093d0b565e9dbdf,434,39,0.3191531411031448,0.3191531411031448,28.589623018105986,0.282655162341493,0.282655162341493,23.654973318721815,525.3164335123229,SARIMA no exog,0.2741469906013787,0.2741469906013787,23.433622386892885,501.14434180814465,SARIMAX holiday only,Yakiniku/Korean food,Tōkyō-to Chūō-ku Ginza,0.036497978761651784,0.045006150501766096,0.008508171740114312
air_de88770300008624,438,39,0.610462971039539,0.610462971039539,80.3422253911098,0.5905736478298215,0.5905736478298215,71.48333560970325,973.4488990043448,SARIMA no exog,0.5956852792231264,0.5956852792231264,73.22771413134201,969.8786626165279,SARIMAX holiday only,Izakaya,Niigata-ken Niigata-shi Gakkōchōdōri 1 Banchō,0.01988932320971748,0.01477769181641253,-0.0051116313933049495
air_3e6cea17a9d2c0f1,436,39,0.5828155845937469,0.5828155845937469,68.22235262369196,0.569693224639456,0.569693224639456,49.75135157248475,889.8860284537052,SARIMA no exog,0.5708513271870794,0.5708513271870794,48.743771675678005,887.3217653757017,SARIMAX holiday only,Izakaya,Hyōgo-ken Kakogawa-shi Kakogawachō Kitazaike,0.013122359954290896,0.011964257406667511,-0.0011581025476233853
air_f26f36ec4dc5adb0,439,39,0.30310967139573664,0.30310967139573664,23.779145042133926,0.24062315806000886,0.24062315806000886,18.453683905736412,784.1492392875956,SARIMA no exog,0.24792379919763763,0.24792379919763763,18.968104283031238,783.1853447667881,SARIMAX holiday only,Izakaya,Tōkyō-to Shinjuku-ku Kabukichō,0.06248651333572777,0.055185872198099006,-0.007300641137628766
air_a55d17bd3f3033cb,436,39,1.0059565309984013,1.0059565309984013,166.6548579427241,0.7769330138226738,0.7769330138226738,111.86738010896482,791.7611343224852,SARIMA no exog,0.7861126540870957,0.7861126540870957,116.25354338474658,783.8490592681745,SARIMAX holiday only,Izakaya,Miyagi-ken Sendai-shi Kamisugi,0.22902351717572755,0.21984387691130558,-0.009179640264421973
air_93b9bb641f8fc982,432,39,0.610804378534217,0.610804378534217,57.67711072188637,0.43786981650383755,0.43786981650383755,41.55701771389403,485.8954527777862,SARIMA no exog,0.4373286590417633,0.4373286590417633,41.676769631753814,486.7866137750733,SARIMAX holiday only,Izakaya,Hyōgo-ken Takarazuka-shi Tōyōchō,0.17293456203037944,0.17347571949245366,0.0005411574620742265
air_d00161e19f08290b,437,39,0.6175594090392867,0.6175594090392867,60.359634364969686,0.4331811144645741,0.4331811144645741,44.20690767106375,923.4895014513622,SARIMA no exog,0.43067046542218346,0.43067046542218346,43.40448883208449,925.1381962992866,SARIMAX holiday only,Dining bar,Tōkyō-to Shinjuku-ku Kabukichō,0.18437829457471266,0.1868889436171033,0.0025106490423906225
air_54d6c25d33f5260e,438,39,0.8080179604885515,0.8080179604885515,160.69803240957802,0.7362957713784338,0.7362957713784338,122.2103528774672,953.3632880809636,SARIMA no exog,0.6150777152423337,0.6150777152423337,73.56682458628187,887.5359513586252,SARIMAX holiday only,Izakaya,Fukuoka-ken Fukuoka-shi Shiobaru,0.07172218911011763,0.19294024524621778,0.12121805613610015
air_55c3627912b9c849,436,39,0.9343421437709444,0.9343421437709444,157.26115351575217,0.6801288595072974,0.6801288595072974,83.14743899865104,772.5479837268964,SARIMA no exog,0.6765039662802116,0.6765039662802116,83.05539868433513,774.2320151565377,SARIMAX holiday only,Italian/French,Fukuoka-ken Fukuoka-shi Hakata Ekimae,0.254213284263647,0.2578381774907328,0.0036248932270858125
air_4cab15ad29c0ffbc,437,39,0.4570724104733568,0.4570724104733568,45.293026534959836,0.49967921488086714,0.49967921488086714,41.21846765631968,741.4514440760634,SARIMA no exog,0.49794996554496107,0.49794996554496107,41.21974168554659,743.2239105023459,SARIMAX holiday only,Dining bar,Ōsaka-fu Ōsaka-shi Nakanochō,-0.04260680440751036,-0.04087755507160429,0.001729249335906069
air_23ee674e91469086,436,39,0.9374124722460556,0.9374124722460556,203.80846891172948,0.6593762706333913,0.6593762706333913,106.80152678810721,640.698471968288,SARIMA no exog,0.6454952741331432,0.6454952741331432,102.62948559765763,641.6782828585136,SARIMAX holiday only,Cafe/Sweets,Tōkyō-to Koganei-shi Honchō,0.2780362016126643,0.2919171981129124,0.0138809965002481
air_671b4bea84dafb67,435,39,0.6635120296269751,0.6635120296269751,107.17129834115198,0.6899757848106025,0.6899757848106025,94.49785755472291,643.2123668906011,SARIMA no exog,0.6973161518264298,0.6973161518264298,95.20130258154595,639.1228275525975,SARIMAX holiday only,Japanese food,Tōkyō-to Minato-ku Shibakōen,-0.026463755183627424,-0.03380412219945472,-0.007340367015827298
air_9241121af22ff1d6,435,39,0.6039395880589966,0.6039395880589966,71.19406324971902,0.5189761666731503,0.5189761666731503,45.89667981589663,650.0946420537208,SARIMA no exog,0.5176058227032718,0.5176058227032718,45.90409661464571,651.8918749625459,SARIMAX holiday only,Izakaya,Tōkyō-to Katsushika-ku Tateishi,0.08496342138584634,0.08633376535572479,0.0013703439698784514
air_c31472d14e29cee8,439,39,1.2881514399196137,1.2881514399196137,188.53170796609712,0.4681921095648569,0.4681921095648569,49.06616741689279,740.7433973319072,SARIMA no exog,0.47311087237671673,0.47311087237671673,49.94409452005446,741.6564289504315,SARIMAX holiday only,Cafe/Sweets,Fukuoka-ken Fukuoka-shi Daimyō,0.8199593303547568,0.8150405675428969,-0.0049187628118598226
air_6cbe54f0aa30b615,436,39,0.6376610397465435,0.6376610397465435,56.78323940339145,0.5204529661170403,0.5204529661170403,45.43262689051517,881.7116623576533,SARIMA no exog,0.5157741057491115,0.5157741057491115,44.68728069166258,882.5981957826932,SARIMAX holiday only,Italian/French,Tōkyō-to Shinjuku-ku Kabukichō,0.11720807362950325,0.121886933997432,0.00467886036792875
air_77488fa378cf98c3,436,39,1.1120610037096017,1.1120610037096017,97.5955539767757,0.6660413733415314,0.6660413733415314,91.40686149602487,748.3208874265831,SARIMA no exog,0.6726986217564586,0.6726986217564586,92.73171245791694,751.9109039367448,SARIMAX holiday only,Other,Tōkyō-to Suginami-ku Asagayaminami,0.44601963036807035,0.43936238195314314,-0.006657248414927208
air_a1fe8c588c8d2f30,436,39,0.9268460388843863,0.9268460388843863,89.21296886491811,0.8335726150490518,0.8335726150490518,102.47969422172328,896.451546825908,SARIMA no exog,0.8153834906598122,0.8153834906598122,99.52406599447824,877.3461619855907,SARIMAX holiday only,Bar/Cocktail,Fukuoka-ken Fukuoka-shi Daimyō,0.09327342383533455,0.11146254822457413,0.018189124389239586
air_a38f25e3399d1b25,436,39,1.1926501304574686,1.1926501304574686,268.1020207258926,0.9384517332715202,0.9384517332715202,128.32730413843595,1035.4129129868732,SARIMA no exog,0.9308191898887859,0.9308191898887859,131.839081578429,1010.0551580112724,SARIMAX holiday only,Izakaya,Tōkyō-to Chiyoda-ku Kudanminami,0.2541983971859484,0.2618309405686827,0.007632543382734336
air_b1d822f75c9fc615,436,39,1.5659638739434085,1.5659638739434085,556.6698186990199,1.305560210967083,1.305560210967083,367.05731691420726,884.2968568685721,SARIMA no exog,1.307944541120569,1.307944541120569,373.06100507305075,882.1482900851274,SARIMAX holiday only,Cafe/Sweets,Tōkyō-to Toshima-ku Higashiikebukuro,0.26040366297632556,0.2580193328228395,-0.0023843301534860473
air_ef789667e2e6fe96,436,39,0.8881417187366625,0.8881417187366625,93.36842946120314,0.3899289163853142,0.3899289163853142,29.97635875133818,845.3099114331535,SARIMA no exog,0.3902406058589382,0.3902406058589382,30.916664146541695,842.3547518667932,SARIMAX holiday only,Dining bar,Tōkyō-to Machida-shi Morino,0.4982128023513483,0.49790111287772426,-0.00031168947362403276
air_1c95a84924d72500,435,39,0.7578089359346362,0.7578089359346362,107.73588455417465,0.7117614107240432,0.7117614107240432,115.8681238948917,745.640983455311,SARIMA no exog,0.7117765483223817,0.7117765483223817,115.73241701765305,747.4104510462923,SARIMAX holiday only,Izakaya,Ōsaka-fu Higashiōsaka-shi Aramotokita,0.046047525210592966,0.04603238761225448,-1.5137598338488267e-05
air_08ba8cd01b3ba010,439,39,0.6500072058830666,0.6500072058830666,58.86740308862034,0.4606831078741567,0.4606831078741567,52.047876920695224,676.953449874358,SARIMA no exog,0.44006535881424325,0.44006535881424325,47.69270979943306,649.8701774219494,SARIMAX holiday only,Izakaya,Miyagi-ken Sendai-shi Kamisugi,0.18932409800890987,0.20994184706882335,0.02061774905991348
air_b60cc7d6aee68194,437,39,1.0372977561513337,1.0372977561513337,217.4958499290483,0.8842373231267731,0.8842373231267731,163.49498097009104,1001.2914472575511,SARIMA no exog,0.8637849480719362,0.8637849480719362,157.32772010408075,999.4758568580376,SARIMAX holiday only,Izakaya,Hiroshima-ken Hiroshima-shi Kokutaijimachi,0.15306043302456063,0.1735128080793975,0.02045237505483688
air_68301bcb11e2f389,424,39,0.5226972333564699,0.5226972333564699,53.980087269895904,0.4069942412083975,0.4069942412083975,40.642090999570556,598.5134513756415,SARIMA no exog,0.4013472098609484,0.4013472098609484,39.549661764989885,593.5576005228713,SARIMAX holiday only,Izakaya,Tōkyō-to Suginami-ku Asagayaminami,0.11570299214807239,0.12135002349552149,0.005647031347449094
air_3b6438b125086430,439,39,0.8484189786045504,0.8484189786045504,144.78344096570459,0.7263487255271,0.7263487255271,103.83934298611983,848.0936634669704,SARIMA no exog,0.7222730495174201,0.7222730495174201,102.71932597512459,847.6383607904493,SARIMAX holiday only,Bar/Cocktail,Hiroshima-ken Hiroshima-shi Kokutaijimachi,0.12207025307745045,0.1261459290871303,0.0040756760096798406
air_c92745dfdd2ec68a,439,39,0.5278865786004794,0.5278865786004794,44.57392921663031,0.4668480836858235,0.4668480836858235,33.59420272349146,825.8685497959474,SARIMA no exog,0.45830594867417435,0.45830594867417435,32.539289704330194,819.1192294222154,SARIMAX holiday only,Bar/Cocktail,Tōkyō-to Setagaya-ku Setagaya,0.061038494914655905,0.06958062992630504,0.008542135011649132
air_db4b38ebe7a7ceff,439,39,0.6244105982882246,0.6244105982882246,69.54237248657692,0.6706245999096913,0.6706245999096913,53.86633777299844,919.1337392507895,SARIMA no exog,0.6686731286210433,0.6686731286210433,53.86052069712871,920.656976092388,SARIMAX holiday only,Dining bar,Ōsaka-fu Ōsaka-shi Shinmachi,-0.046214001621466605,-0.044262530332818684,0.0019514712886479213
air_2634e41551e9807d,436,39,0.5546944602256517,0.5546944602256517,62.56811232590156,0.6370255082368361,0.6370255082368361,51.45266118013343,815.6466014419324,SARIMA no exog,0.6166280522528256,0.6166280522528256,49.145401053311986,783.1756198335604,SARIMAX holiday only,Izakaya,Tōkyō-to Shinjuku-ku Kabukichō,-0.0823310480111844,-0.061933592027173856,0.02039745598401055
air_9438d67241c81314,436,39,0.8633208894267473,0.8633208894267473,112.86010635101044,0.798420800232933,0.798420800232933,107.26405967662089,894.5371262591618,SARIMA no exog,0.7786289409824464,0.7786289409824464,93.17801679342843,895.3718189636973,SARIMAX holiday only,Italian/French,Fukuoka-ken Fukuoka-shi Daimyō,0.06490008919381429,0.08469194844430095,0.019791859250486654
air_399904bdb7685ca0,435,39,1.7353088754473665,1.7353088754473665,294.98661899884877,0.9649398550404532,0.9649398550404532,242.3536369033045,1133.0797084857447,SARIMA no exog,0.9733233806105195,0.9733233806105195,247.40159927552932,1134.0313240658033,SARIMAX holiday only,Italian/French,Ōsaka-fu Ōsaka-shi Kyūtarōmachi,0.7703690204069132,0.761985494836847,-0.008383525570066275
air_61de73b097513f58,435,39,0.8753812787006103,0.8753812787006103,116.2931477354554,0.6154676916557438,0.6154676916557438,77.74366840667099,737.1456742967987,SARIMA no exog,0.6114037985469539,0.6114037985469539,77.0706337955523,738.923833879373,SARIMAX holiday only,Bar/Cocktail,Tōkyō-to Toshima-ku Nishiikebukuro,0.25991358704486656,0.2639774801536564,0.004063893108789851
air_fab092c35776a9b1,439,39,0.6868588750911623,0.6868588750911623,85.31005737923536,0.5421960549214253,0.5421960549214253,59.48243761870111,800.3246800683626,SARIMA no exog,0.5433021773186391,0.5433021773186391,59.79088755647073,797.8304239504532,SARIMAX holiday only,Cafe/Sweets,Fukuoka-ken Fukuoka-shi Momochi,0.14466282016973697,0.14355669777252322,-0.001106122397213749
air_63b13c56b7201bd9,438,39,1.7868850911449403,1.7868850911449403,555.6353474474042,1.483919828385514,1.483919828385514,506.40425088134674,882.5753304522875,SARIMA no exog,1.4967038452516472,1.4967038452516472,515.5432879688502,881.4287774110235,SARIMAX holiday only,Cafe/Sweets,Fukuoka-ken Fukuoka-shi Daimyō,0.30296526275942637,0.2901812458932931,-0.012784016866133285
air_79afb3f52b4d062c,436,39,0.5532633488693104,0.5532633488693104,57.46758951623205,0.48951249759063836,0.48951249759063836,52.568828910371245,712.0101806805598,SARIMA no exog,0.48955547966125157,0.48955547966125157,52.575980606436644,714.0099575715657,SARIMAX holiday only,Bar/Cocktail,Ōsaka-fu Neyagawa-shi Honmachi,0.06375085127867203,0.06370786920805882,-4.298207061320669e-05
air_c9ed65554b6edffb,436,39,0.5260432959255101,0.5260432959255101,50.23354109392193,0.479664030272301,0.479664030272301,45.08069492002946,914.364816237972,SARIMA no exog,0.4795755493474298,0.4795755493474298,45.097713212351806,916.3636437092289,SARIMAX holiday only,Cafe/Sweets,Fukuoka-ken Fukuoka-shi Daimyō,0.046379265653209156,0.04646774657808034,8.848092487118153e-05
air_c225148c0fcc5c72,438,39,1.0854810069841074,1.0854810069841074,322.23442137551916,1.0595131602744146,1.0595131602744146,299.16044046483415,938.8759268579289,SARIMA no exog,1.0557459196520267,1.0557459196520267,298.77724676243537,928.3078656819332,SARIMAX holiday only,Cafe/Sweets,Hyōgo-ken Kōbe-shi Kumoidōri,0.025967846709692877,0.029735087332080745,0.0037672406223878685
air_9f277fb7a2c1d842,437,39,0.7873776394510013,0.7873776394510013,97.8831344277439,0.7661427266799123,0.7661427266799123,69.62302644656378,1070.2699229485538,SARIMA no exog,0.7737705920657342,0.7737705920657342,69.56497607322042,1068.7381625163166,SARIMAX holiday only,Dining bar,Tōkyō-to Shibuya-ku Shibuya,0.02123491277108891,0.01360704738526708,-0.00762786538582183
air_a8533b7a992bb0ca,434,39,0.4750009819786745,0.4750009819786745,53.52125074532679,0.5921141202530269,0.5921141202530269,74.99009608165488,869.8413392962245,SARIMA no exog,0.6000737193284649,0.6000737193284649,77.77899018985485,860.2442864041011,SARIMAX holiday only,Cafe/Sweets,Tōkyō-to Shibuya-ku Shibuya,-0.11711313827435238,-0.12507273734979035,-0.007959599075437973
air_6c952e3c6e590945,425,39,0.4941048966655251,0.4941048966655251,40.24832005618191,0.5245233391812159,0.5245233391812159,44.30483181423159,785.797923886898,SARIMA no exog,0.5294906442321543,0.5294906442321543,44.29842382583761,781.9762021302408,SARIMAX holiday only,Yakiniku/Korean food,Miyagi-ken Sendai-shi Kamisugi,-0.030418442515690758,-0.03538574756662921,-0.004967305050938453
air_3bb99a1fe0583897,438,39,0.9650936134385272,0.9650936134385272,112.65028642864621,0.9668908295428459,0.9668908295428459,145.62722236869442,907.568645362138,SARIMA no exog,0.9148427977939126,0.9148427977939126,120.66608889726515,881.7558770545502,SARIMAX holiday only,Izakaya,Miyagi-ken Sendai-shi Kamisugi,-0.0017972161043187107,0.05025081564461453,0.05204803174893324
air_aa0049fe3cc6f4d6,436,39,0.5405958828778017,0.5405958828778017,69.9500277813282,0.4155077534758766,0.4155077534758766,42.14831573083457,811.820048094327,SARIMA no exog,0.41100580294325706,0.41100580294325706,41.90794324423072,812.8831894198781,SARIMAX holiday only,Bar/Cocktail,Tōkyō-to Shibuya-ku Shibuya,0.1250881294019251,0.12959007993454463,0.004501950532619536
air_db80363d35f10926,439,39,1.0649523086197508,1.0649523086197508,207.81150716150907,1.0088948642964055,1.0088948642964055,160.41943887911694,1180.214126890273,SARIMA no exog,1.0019288303729468,1.0019288303729468,157.62750839389145,1160.8375532816492,SARIMAX holiday only,Dining bar,Hokkaidō Asahikawa-shi 6 Jōdōri,0.05605744432334525,0.06302347824680399,0.0069660339234587365
air_1e23210b584540e7,438,39,0.6779136157170057,0.6779136157170057,88.79019129019132,0.4805658349839157,0.4805658349839157,58.29572673353548,1148.0873597298937,SARIMA no exog,0.4824378101001955,0.4824378101001955,58.43791332640392,1149.9894942060514,SARIMAX holiday only,Dining bar,Tōkyō-to Shinjuku-ku Kabukichō,0.19734778073309,0.19547580561681022,-0.0018719751162797893
air_4f762e840b3996e1,435,39,0.6923338587001548,0.6923338587001548,76.64082239912021,0.5674890708531796,0.5674890708531796,57.445731827777514,1037.4114900798975,SARIMA no exog,0.5662111620223838,0.5662111620223838,56.73420348657806,1037.9979263617151,SARIMAX holiday only,Bar/Cocktail,Tōkyō-to Setagaya-ku Setagaya,0.12484478784697528,0.1261226966777711,0.0012779088307958153
air_d0a1e69685259c92,439,39,0.7319057895424586,0.7319057895424586,155.57768486483556,0.7682390779178204,0.7682390779178204,172.28661978556426,976.8479633351486,SARIMA no exog,0.7669149288615011,0.7669149288615011,165.89663563915812,974.3114185865612,SARIMAX holiday only,Creative cuisine,Tōkyō-to Shinjuku-ku Kabukichō,-0.03633328837536187,-0.03500913931904259,0.0013241490563192793
air_506fe758114df773,439,39,0.9826195673721384,0.9826195673721384,72.32809026763645,0.7569869481399404,0.7569869481399404,65.32877680674393,945.2478890850687,SARIMA no exog,0.6885287310936898,0.6885287310936898,61.727058186437475,870.0820399544821,SARIMAX holiday only,Italian/French,Tōkyō-to Setagaya-ku Setagaya,0.22563261923219802,0.29409083627844856,0.06845821704625055
air_35c4732dcbfe31be,439,39,0.8025282412717705,0.8025282412717705,117.55575620960236,0.7493195179399263,0.7493195179399263,95.04733723054758,866.8192980897263,SARIMA no exog,0.7552580049774162,0.7552580049774162,96.16173225769428,863.2711762349238,SARIMAX holiday only,Dining bar,Hyōgo-ken Kōbe-shi Kumoidōri,0.05320872333184412,0.04727023629435423,-0.005938487037489892
air_abf06fcca748dca5,433,39,0.6684371453957728,0.6684371453957728,76.62992780639838,0.6443884247360199,0.6443884247360199,67.95758354617955,936.612632915289,SARIMA no exog,0.6209917774146082,0.6209917774146082,68.96302336416771,916.0216133624976,SARIMAX holiday only,Bar/Cocktail,Fukuoka-ken Fukuoka-shi Daimyō,0.024048720659752942,0.04744536798116461,0.023396647321411668
air_dfad598ff642dab7,438,39,1.9211521864248837,1.9211521864248837,277.83794400224997,1.0871580705066775,1.0871580705066775,156.18127610928562,1139.5873208954677,SARIMA no exog,1.0826926905681535,1.0826926905681535,155.69428564464542,1141.0594473906756,SARIMAX holiday only,Yakiniku/Korean food,Hokkaidō Abashiri-shi Minami 6 Jōhigashi,0.8339941159182063,0.8384594958567302,0.004465379938523917
air_901925b628677c2e,437,39,1.0333436356062804,1.0333436356062804,81.46338644736079,0.6307062327364834,0.6307062327364834,62.54995395807905,1045.100055452347,SARIMA no exog,0.6248524471563244,0.6248524471563244,61.26951063302434,1040.3582173975385,SARIMAX holiday only,Dining bar,Fukuoka-ken Fukuoka-shi Daimyō,0.402637402869797,0.408491188449956,0.005853785580159032
air_622375b4815cf5cb,436,39,1.3761499263390626,1.3761499263390626,290.4764565268683,0.9887348304571132,0.9887348304571132,155.75738282775032,1171.4445032262577,SARIMA no exog,0.9883552005746985,0.9883552005746985,156.68157385059766,1172.677506002548,SARIMAX holiday only,Izakaya,Fukuoka-ken Kitakyūshū-shi None,0.38741509588194945,0.38779472576436413,0.0003796298824146893
air_e88bbe2ede3467aa,436,39,0.7513577995872687,0.7513577995872687,109.36881631940263,0.8221175052476368,0.8221175052476368,80.93153415817532,1036.8833660093924,SARIMA no exog,0.7848694224071424,0.7848694224071424,69.21539770796595,1034.1681154558764,SARIMAX holiday only,Izakaya,Hyōgo-ken Kōbe-shi Sumiyoshi Higashimachi,-0.07075970566036816,-0.03351162281987374,0.03724808284049441
air_d138b593ebda55cc,435,39,0.5826663028103831,0.5826663028103831,68.53581603581603,0.363059650814113,0.363059650814113,36.50378593266872,715.5784931951852,SARIMA no exog,0.32604285435103536,0.32604285435103536,36.27539179953626,692.7699481204047,SARIMAX holiday only,Bar/Cocktail,Fukuoka-ken Fukuoka-shi Daimyō,0.2196066519962701,0.25662344845934776,0.03701679646307765
air_bdd32aa407c16335,437,39,0.9102611287285608,0.9102611287285608,63.156128615106944,0.6736241136961477,0.6736241136961477,38.823958482658355,928.6676360070217,SARIMA no exog,0.6600225318653679,0.6600225318653679,36.927615657948,919.7995542395463,SARIMAX holiday only,Creative cuisine,Fukuoka-ken Fukuoka-shi Daimyō,0.23663701503241308,0.25023859686319294,0.013601581830779863
air_298513175efdf261,439,39,0.5559560424784836,0.5559560424784836,68.0956252774699,0.48328554032997983,0.48328554032997983,30.748033490352945,888.2103194611401,SARIMA no exog,0.48321247631368847,0.48321247631368847,30.746271350872696,890.2084321218172,SARIMAX holiday only,Cafe/Sweets,Fukuoka-ken Fukuoka-shi Torikai,0.07267050214850379,0.07274356616479516,7.306401629136872e-05
air_ab3ae0e410b20069,433,39,0.7365578444192413,0.7365578444192413,133.24238033522587,0.5820538304935405,0.5820538304935405,81.55428350722252,964.3130501003684,SARIMA no exog,0.5979947487257958,0.5979947487257958,77.36728046912533,912.4773354294482,SARIMAX holiday only,Dining bar,Tōkyō-to Shibuya-ku Shibuya,0.1545040139257008,0.1385630956934455,-0.015940918232255297
air_efc80d3f96b3aff7,439,39,0.8811111174946538,0.8811111174946538,152.03178354285757,0.808314442086417,0.808314442086417,123.87185469254105,831.3367381889425,SARIMA no exog,0.8125678336967225,0.8125678336967225,124.68055377598037,826.3979093149469,SARIMAX holiday only,Other,Tōkyō-to Suginami-ku Asagayaminami,0.07279667540823676,0.06854328379793129,-0.004253391610305468
air_234d3dbf7f3d5a50,435,39,0.6317986501166821,0.6317986501166821,83.96646549361483,0.4924491385743785,0.4924491385743785,62.69047922196146,802.5093008558799,SARIMA no exog,0.4881708725169662,0.4881708725169662,62.474314746203405,803.4781401258713,SARIMAX holiday only,Dining bar,Tōkyō-to Machida-shi Morino,0.13934951154230363,0.1436277775997159,0.004278266057412272
air_63a88d81295195ed,435,39,1.2035389277675397,1.2035389277675397,178.50409150339738,0.8389255698811388,0.8389255698811388,89.16199023809668,1205.0547096928108,SARIMA no exog,0.7875986344929813,0.7875986344929813,77.37296574845381,1197.3725556643024,SARIMAX holiday only,Izakaya,Hyōgo-ken Kōbe-shi Kumoidōri,0.3646133578864009,0.4159402932745584,0.05132693538815747
air_4570f52104fe0982,432,39,0.8455815852788467,0.8455815852788467,132.90501521270755,0.5712007364155005,0.5712007364155005,67.75733670882123,898.6358036549568,SARIMA no exog,0.5540474379036395,0.5540474379036395,64.93295461026723,896.8645131183359,SARIMAX holiday only,Izakaya,Tōkyō-to Kōtō-ku Kameido,0.27438084886334624,0.2915341473752072,0.01715329851186098
air_48e9fc98b62495a7,437,39,1.24280853242153,1.24280853242153,245.630840183675,1.0759512237935207,1.0759512237935207,197.9431928230746,1137.9356917287473,SARIMA no exog,1.0786941471952092,1.0786941471952092,197.85232840714656,1139.662869425047,SARIMAX holiday only,Izakaya,Ōsaka-fu Ōsaka-shi Ōgimachi,0.1668573086280094,0.16411438522632094,-0.0027429234016884685
air_5c65468938c07fa5,439,39,1.246251103454826,1.246251103454826,266.12462349921657,0.7947428166993737,0.7947428166993737,109.13124762335953,999.2153414991222,SARIMA no exog,0.7929707154883449,0.7929707154883449,109.12033800899856,1001.0294431731497,SARIMAX holiday only,Other,Tōkyō-to Shibuya-ku Shibuya,0.4515082867554523,0.4532803879664812,0.001772101211028887
air_326ca454ef3558bc,438,39,0.6632242962309401,0.6632242962309401,95.56938147856445,0.6520432505638422,0.6520432505638422,84.65945546846481,1176.560809036371,SARIMA no exog,0.6245432225768071,0.6245432225768071,82.34627822048908,1168.066997911611,SARIMAX holiday only,Izakaya,Shizuoka-ken Shizuoka-shi Ōtemachi,0.011181045667097989,0.03868107365413309,0.027500027987035103
air_70e9e8cd55879414,439,39,0.7598302209082767,0.7598302209082767,80.24224873236541,0.6826841243465362,0.6826841243465362,95.48372110237455,1001.7676649662985,SARIMA no exog,0.6940938166389367,0.6940938166389367,96.84886884019394,999.8875207513745,SARIMAX holiday only,Bar/Cocktail,Tōkyō-to Shibuya-ku Dōgenzaka,0.07714609656174043,0.06573640426934002,-0.011409692292400408
air_87f9e1024b951f01,439,39,1.4568592625116052,1.4568592625116052,262.50163355515815,0.9455964020964402,0.9455964020964402,135.37054040334345,1072.48855421664,SARIMA no exog,0.9402903268508568,0.9402903268508568,131.560260458966,1064.7488070781278,SARIMAX holiday only,Dining bar,Fukuoka-ken Kurume-shi Jōnanmachi,0.511262860415165,0.5165689356607485,0.005306075245583464
air_7c7774c66fb237f7,434,39,0.790896357776164,0.790896357776164,161.51834119326378,0.46165792964473085,0.46165792964473085,57.19054220688214,834.4901599263035,SARIMA no exog,0.461629002920518,0.461629002920518,57.08793630169555,836.3011604952569,SARIMAX holiday only,Bar/Cocktail,Tōkyō-to Toshima-ku Minamiikebukuro,0.3292384281314331,0.32926735485564596,2.8926724212841037e-05
air_c2c8435bdb3516d4,437,39,1.3685885495133239,1.3685885495133239,74.94716278699185,0.977227014491164,0.977227014491164,89.66890021581565,1129.9384415064771,SARIMA no exog,0.9493003449617406,0.9493003449617406,83.39777614339422,1124.312142564263,SARIMAX holiday only,Izakaya,Hokkaidō Asahikawa-shi 6 Jōdōri,0.39136153502215987,0.4192882045515832,0.027926669529423354
air_e01d99390355408d,434,39,1.1207182343689144,1.1207182343689144,224.12907381289733,1.0158915278872354,1.0158915278872354,173.4120119337544,1087.0735004607955,SARIMA no exog,1.0127402854909129,1.0127402854909129,172.10656655764706,1088.930488262817,SARIMAX holiday only,Dining bar,Tōkyō-to Setagaya-ku Setagaya,0.10482670648167902,0.1079779488780015,0.0031512423963224734
air_de692863bb2dd758,436,39,0.9206927164448377,0.9206927164448377,81.45818120432847,0.7636858542872713,0.7636858542872713,72.06146913062041,1060.4445328934273,SARIMA no exog,0.7727023734821762,0.7727023734821762,75.92933675496595,1042.6487695779374,SARIMAX holiday only,Izakaya,Fukuoka-ken Fukuoka-shi Hakata Ekimae,0.15700686215756643,0.14799034296266156,-0.00901651919490487
air_0728814bd98f7367,434,39,0.991499137227861,0.991499137227861,158.03850470517136,0.6447113855849179,0.6447113855849179,69.77814453791066,1002.5534242810958,SARIMA no exog,0.6598625122867567,0.6598625122867567,68.78941081707539,1003.0185352213066,SARIMAX holiday only,Western food,Tōkyō-to Suginami-ku Asagayaminami,0.34678775164294307,0.33163662494110424,-0.015151126701838824
air_b4f32bcc399da2b9,410,39,1.1567649843915104,1.1567649843915104,137.1843799491756,0.8845848420342098,0.8845848420342098,97.62397203391365,1013.6715822099588,SARIMA no exog,0.8811932627963506,0.8811932627963506,95.71871412401134,1010.4153953782959,SARIMAX holiday only,Dining bar,Hiroshima-ken Hiroshima-shi Kokutaijimachi,0.2721801423573006,0.27557172159515986,0.0033915792378592657
air_81c5dff692063446,439,39,1.2209960240129776,1.2209960240129776,156.65099715099714,0.7927393714694314,0.7927393714694314,84.92533545069836,1031.493866598535,SARIMA no exog,0.7941206269785542,0.7941206269785542,84.93495192965105,1033.3940110943486,SARIMAX holiday only,Dining bar,Ōsaka-fu Ōsaka-shi Ōgimachi,0.42825665254354617,0.42687539703442334,-0.0013812555091228251
air_142e78ba7001da9c,438,39,0.7819655778310481,0.7819655778310481,115.82130832130831,0.7044432911938099,0.7044432911938099,70.47015639545798,959.2856639425987,SARIMA no exog,0.7011556811278962,0.7011556811278962,75.34070171849118,949.4577946742864,SARIMAX holiday only,Italian/French,Hyōgo-ken Nishinomiya-shi Rokutanjichō,0.07752228663723826,0.08080989670315197,0.0032876100659137153
air_03963426c9312048,436,39,1.0004760180709142,1.0004760180709142,122.04755777616047,0.9099579217499704,0.9099579217499704,104.56054562325114,897.6542140853352,SARIMA no exog,0.874864281465709,0.874864281465709,86.03335314016218,886.6471849290601,SARIMAX holiday only,Izakaya,Hiroshima-ken Hiroshima-shi Kokutaijimachi,0.09051809632094387,0.1256117366052052,0.03509364028426132
air_c9f6de13be8b8f25,435,39,0.5252367207899102,0.5252367207899102,63.35063085063084,0.49080522663774256,0.49080522663774256,63.41695155900684,847.815298577115,SARIMA no exog,0.47808984434514024,0.47808984434514024,63.04702517128528,846.4397412714267,SARIMAX holiday only,Bar/Cocktail,Fukuoka-ken Fukuoka-shi Daimyō,0.034431494152167674,0.04714687644477,0.012715382292602329
air_fcd4492c83f1c6b9,435,39,1.4495602535813767,1.4495602535813767,304.1577177342417,1.0964095669095757,1.0964095669095757,212.20884450194015,1185.0548809887887,SARIMA no exog,1.0547645277456443,1.0547645277456443,198.20724927989716,1172.6888647301491,SARIMAX holiday only,Dining bar,Tōkyō-to Shibuya-ku Shibuya,0.35315068667180105,0.3947957258357324,0.04164503916393136
air_25d8e5cc57dd87d9,439,39,1.070998995080159,1.070998995080159,240.6198174348119,1.0899305476759225,1.0899305476759225,190.3588723382034,1178.5674198644667,SARIMA no exog,1.039837062404978,1.039837062404978,181.83382757410527,1156.7245535779696,SARIMAX holiday only,Western food,Tōkyō-to Shibuya-ku Shibuya,-0.0189315525957634,0.03116193267518108,0.05009348527094448
air_57ed725a1930a5b9,439,39,0.8806085539988214,0.8806085539988214,48.959491971230136,0.6242106453311094,0.6242106453311094,41.04195141175518,861.619026119264,SARIMA no exog,0.5657728961423871,0.5657728961423871,40.549885931317995,843.7409377801062,SARIMAX holiday only,Cafe/Sweets,Tōkyō-to Shinjuku-ku Kabukichō,0.25639790866771206,0.3148356578564343,0.05843774918872224
air_082908692355165e,436,39,1.1420450463720089,1.1420450463720089,196.12428004926392,0.7359562377546042,0.7359562377546042,101.38336890284221,1245.4154752618535,SARIMA no exog,0.6360948649440356,0.6360948649440356,74.3418234376933,1208.3456263526318,SARIMAX holiday only,Italian/French,Tōkyō-to Shinjuku-ku Kabukichō,0.4060888086174047,0.5059501814279733,0.09986137281056862
air_9352c401d5adb01b,436,39,0.7188791154398998,0.7188791154398998,109.49214307308586,0.8129494275341747,0.8129494275341747,86.24435282705795,1062.2214250011966,SARIMA no exog,0.7997471541738984,0.7997471541738984,89.23094320691754,1058.365461796859,SARIMAX holiday only,Japanese food,Hiroshima-ken Hiroshima-shi Kokutaijimachi,-0.09407031209427485,-0.08086803873399862,0.01320227336027624
air_b2d8bc9c88b85f96,439,35,1.9313048289347923,1.9313048289347923,876.847396480589,1.9094080476994681,1.9094080476994681,819.4589249202886,1090.8556649210977,SARIMA no exog,1.9035292033822893,1.9035292033822893,812.5459414184477,1085.1583705828434,SARIMAX holiday only,Dining bar,Fukuoka-ken Fukuoka-shi Tenjin,0.021896781235324125,0.027775625552503014,0.0058788443171788884
air_20619d21192aa571,438,39,1.3049913709540033,1.3049913709540033,232.30440454270567,1.129069122453548,1.129069122453548,216.30838386038644,1080.2341655123555,SARIMA no exog,1.1372430348221814,1.1372430348221814,222.47654192527668,1075.3519632846037,SARIMAX holiday only,Cafe/Sweets,Ōsaka-fu Ōsaka-shi Kyūtarōmachi,0.17592224850045524,0.16774833613182194,-0.008173912368633296
air_c1d5d165c055b866,435,39,0.8265718860964045,0.8265718860964045,113.39502468599234,0.8078525797138223,0.8078525797138223,105.70161803875509,1118.9090999698817,SARIMA no exog,0.7507460523983762,0.7507460523983762,88.78897627658384,1099.1094878395754,SARIMAX holiday only,Izakaya,Miyagi-ken Sendai-shi Kamisugi,0.018719306382582235,0.07582583369802831,0.057106527315446076
air_4c665a2bfff0da3b,436,39,0.6884789994802446,0.6884789994802446,76.61948806179578,0.6316366234298388,0.6316366234298388,62.109837183085624,879.1271242323267,SARIMA no exog,0.6025670251308404,0.6025670251308404,59.8143808332915,864.3571928943159,SARIMAX holiday only,Bar/Cocktail,Tōkyō-to Minato-ku Roppongi,0.05684237605040576,0.08591197434940423,0.029069598298998467
air_1f1390a8be2272b3,435,39,0.8521902771459969,0.8521902771459969,51.3083083052917,0.590439051601888,0.590439051601888,53.42926752217048,973.6803990879076,SARIMA no exog,0.5991314868497377,0.5991314868497377,52.352536396461225,946.7545551561324,SARIMAX holiday only,Japanese food,Tōkyō-to Shinjuku-ku Kabukichō,0.2617512255441089,0.2530587902962592,-0.008692435247849684
air_1d1e8860ae04f8e9,434,39,1.430414554519136,1.430414554519136,105.37471385879185,1.1348885499498949,1.1348885499498949,80.15926270164154,1177.9170410311945,SARIMA no exog,1.1467276522226753,1.1467276522226753,81.30196599615915,1171.5249389974665,SARIMAX holiday only,Izakaya,Tōkyō-to Shinjuku-ku Kabukichō,0.29552600456924116,0.28368690229646076,-0.0118391022727804
air_1f7f8fa557bc0d55,439,39,0.7736085577891689,0.7736085577891689,100.45177045177043,0.6438927157835842,0.6438927157835842,96.44163355029374,938.5341545580741,SARIMA no exog,0.6418058280505546,0.6418058280505546,95.49380917257702,939.5358940904466,SARIMAX holiday only,Bar/Cocktail,Ōsaka-fu Neyagawa-shi Honmachi,0.12971584200558472,0.1318027297386143,0.002086887733029563
air_1653a6c513865af3,438,39,1.0889470493202047,1.0889470493202047,222.3634145802876,1.0388325623599088,1.0388325623599088,193.0112522168984,1278.578366797934,SARIMA no exog,1.0370556985092758,1.0370556985092758,191.93305577754927,1280.357515818782,SARIMAX holiday only,Yakiniku/Korean food,Hokkaidō Abashiri-shi Minami 6 Jōhigashi,0.050114486960295856,0.05189135081092888,0.0017768638506330259
air_ced6297e5bdf5130,435,39,0.6843202847997127,0.6843202847997127,108.75036844387323,0.6219496226493906,0.6219496226493906,63.247422562709374,1142.450186811816,SARIMA no exog,0.644903707885346,0.644903707885346,61.22017149425795,1136.9412472133217,SARIMAX holiday only,Izakaya,Tōkyō-to Setagaya-ku Sangenjaya,0.062370662150322165,0.03941657691436673,-0.022954085235955435
air_eb120e6d384a17a8,438,39,2.3671197034281506,2.3671197034281506,456.5856858509698,1.2443646207592152,1.2443646207592152,406.5270186639443,1171.6978355576844,SARIMA no exog,1.244796433771755,1.244796433771755,407.12520710045607,1173.6646417754337,SARIMAX holiday only,Cafe/Sweets,Fukuoka-ken Fukuoka-shi Daimyō,1.1227550826689354,1.1223232696563956,-0.00043181301253980564
air_97159fc4e90053fe,436,39,0.4567617970877841,0.4567617970877841,45.78525114470152,0.4087509904091807,0.4087509904091807,38.99594000703808,821.9823112163849,SARIMA no exog,0.40488420199992736,0.40488420199992736,38.73706269907076,819.7595311851887,SARIMAX holiday only,Izakaya,Hiroshima-ken Hiroshima-shi Kokutaijimachi,0.04801080667860336,0.05187759508785672,0.0038667884092533633
air_5e70fe82f9e4fab6,436,39,0.9557106619351075,0.9557106619351075,79.28813197392692,0.5808232922976693,0.5808232922976693,57.49900529975227,977.2550928382598,SARIMA no exog,0.573539921822603,0.573539921822603,56.89843439344939,976.1383461021007,SARIMAX holiday only,Yakiniku/Korean food,Ōsaka-fu Ōsaka-shi Kyūtarōmachi,0.3748873696374382,0.3821707401125044,0.00728337047506622
air_e700e390226d9985,436,39,0.5805468862212639,0.5805468862212639,48.25333587114169,0.4796200077576923,0.4796200077576923,34.52660320818827,835.6295701713759,SARIMA no exog,0.5350446638258818,0.5350446638258818,35.15624581647373,775.4506553993966,SARIMAX holiday only,Izakaya,Miyagi-ken Sendai-shi Kamisugi,0.10092687846357162,0.04550222239538215,-0.05542465606818947
air_ef920fa6f4b085f6,435,39,0.3085958482231729,0.3085958482231729,25.263823623018677,0.34966148896002414,0.34966148896002414,26.412184037202596,746.5606520790858,SARIMA no exog,0.3593960035674357,0.3593960035674357,27.146357875429416,746.0726070034984,SARIMAX holiday only,Italian/French,Tōkyō-to Minato-ku Shibakōen,-0.04106564073685126,-0.0508001553442628,-0.009734514607411537
air_c73d319ffabf287a,436,39,0.864607184825154,0.864607184825154,135.17277396999964,0.6358348618662807,0.6358348618662807,71.65516474626583,936.3541278013898,SARIMA no exog,0.6553089714540923,0.6553089714540923,69.69532355700642,928.8510550475356,SARIMAX holiday only,Yakiniku/Korean food,Hyōgo-ken Kōbe-shi Kumoidōri,0.2287723229588733,0.2092982133710617,-0.019474109587811594
air_eb2d2653586315dd,439,39,0.33515827174818913,0.33515827174818913,31.385974811208445,0.3646239284633531,0.3646239284633531,34.7806694045486,923.6735530067106,SARIMA no exog,0.3647435987950967,0.3647435987950967,34.7487335105489,925.660829735126,SARIMAX holiday only,Italian/French,Hyōgo-ken Nishinomiya-shi Rokutanjichō,-0.02946565671516399,-0.029585327046907584,-0.0001196703317435932
air_6c91a28278a16f64,438,39,1.0619563009900028,1.0619563009900028,252.35641448852152,0.8371119317718528,0.8371119317718528,111.0578425846456,1055.036660542395,SARIMA no exog,0.8221431309776301,0.8221431309776301,110.1814481100236,1043.9148852526464,SARIMAX holiday only,Cafe/Sweets,Fukuoka-ken Fukuoka-shi Daimyō,0.22484436921815,0.23981317001237268,0.014968800794222692
air_722297e7f26db91d,436,39,0.7275865064918412,0.7275865064918412,46.86381547843378,0.7426022409689598,0.7426022409689598,59.66880950095265,1122.733602875812,SARIMA no exog,0.7425916114177893,0.7425916114177893,59.668962300083805,1124.733602752743,SARIMAX holiday only,Italian/French,Ōsaka-fu Ōsaka-shi Ōgimachi,-0.01501573447711857,-0.015005104925948087,1.0629551170482365e-05
air_63e28ee0b0c955a7,435,39,0.5493523972811115,0.5493523972811115,52.09974395177043,0.5112786773106417,0.5112786773106417,46.94706382044369,956.5367847498801,SARIMA no exog,0.5172985759648326,0.5172985759648326,44.61696412459739,944.063256732579,SARIMAX holiday only,Japanese food,Tōkyō-to Taitō-ku Higashiueno,0.03807371997046982,0.032053821316278874,-0.006019898654190947
air_cbe139af83feb388,437,39,0.7070122707862312,0.7070122707862312,48.014414779120656,0.3959363503874509,0.3959363503874509,30.787975142915403,748.5444136605446,SARIMA no exog,0.3988775630190074,0.3988775630190074,31.343970162188374,748.2359142502327,SARIMAX holiday only,Dining bar,Hyōgo-ken Kōbe-shi Kumoidōri,0.3110759203987803,0.3081347077672238,-0.0029412126315565
air_35512c42db0868da,384,39,0.55187505484723,0.55187505484723,70.10198135198135,0.5056760426821152,0.5056760426821152,58.70886632631904,542.2934426957288,SARIMA no exog,0.5140756143082292,0.5140756143082292,60.199634297331016,535.160582712374,SARIMAX holiday only,Dining bar,Tōkyō-to Musashino-shi Midorichō,0.046199012165114794,0.03779944053900075,-0.008399571626114044
air_64d4491ad8cdb1c6,435,39,0.8728133776211632,0.8728133776211632,96.397022923603,0.6041130409961892,0.6041130409961892,53.87264093652383,867.0023238669799,SARIMA no exog,0.5581327376785429,0.5581327376785429,49.845027686655754,848.8342236056803,SARIMAX holiday only,Dining bar,Tōkyō-to Minato-ku Shibakōen,0.26870033662497395,0.3146806399426203,0.045980303317646354
air_632ba66e1f75aa28,434,39,1.2515601345986314,1.2515601345986314,339.5493879117188,1.159792688328261,1.159792688328261,266.80572864698394,842.111289987857,SARIMA no exog,1.161358115138652,1.161358115138652,267.2533976883896,838.5590828349555,SARIMAX holiday only,Italian/French,Tōkyō-to Suginami-ku Asagayaminami,0.09176744627037037,0.0902020194599793,-0.0015654268103910685
air_6e3fd96320d24324,439,39,1.1034306467800397,1.1034306467800397,244.04779924913686,0.911548642793533,0.911548642793533,123.88967416300179,1128.2554000873683,SARIMA no exog,0.9074118860322254,0.9074118860322254,123.75376958657269,1128.559154112423,SARIMAX holiday only,Izakaya,Hiroshima-ken Fukuyama-shi Higashisakuramachi,0.19188200398650668,0.1960187607478142,0.004136756761307536
air_3982a2c4ea2ed431,437,39,1.352068500991728,1.352068500991728,296.5773986509646,0.9590568433124215,0.9590568433124215,174.23855765426234,1253.5096058178658,SARIMA no exog,0.9523666409600142,0.9523666409600142,171.71641008167765,1249.6744210476115,SARIMAX holiday only,Dining bar,Fukuoka-ken Fukuoka-shi Takatori,0.39301165767930646,0.3997018600317137,0.0066902023524072485
air_609050e4e4f79ae1,436,39,1.3703049359735886,1.3703049359735886,370.8556164803547,1.1146151045982644,1.1146151045982644,251.3041255794973,1181.6299628248612,SARIMA no exog,1.1785279366158994,1.1785279366158994,268.0287197635497,1135.144126680558,SARIMAX holiday only,Japanese food,Tōkyō-to Chūō-ku Tsukiji,0.2556898313753242,0.19177699935768922,-0.06391283201763498
air_e9ebf7fc520ac76a,436,39,1.5794881693701215,1.5794881693701215,187.47061911722477,0.9234074175905985,0.9234074175905985,158.0597444439748,1208.1656205547954,SARIMA no exog,0.9244834141168545,0.9244834141168545,158.17071005593954,1209.9177862898684,SARIMAX holiday only,Western food,Tōkyō-to Itabashi-ku Itabashi,0.656080751779523,0.655004755253267,-0.0010759965262560067
air_79f528087f49df06,439,39,1.0593619530773317,1.0593619530773317,87.99388156553911,0.9074259416665915,0.9074259416665915,60.064259945919694,1081.1024757407185,SARIMA no exog,0.7353018148314687,0.7353018148314687,57.69502617764189,999.867789219816,SARIMAX holiday only,Western food,Tōkyō-to Suginami-ku Asagayaminami,0.1519360114107402,0.324060138245863,0.1721241268351228
air_e55abd740f93ecc4,435,39,0.7104246592818034,0.7104246592818034,24.57936200883929,0.714484337939508,0.714484337939508,39.996652928074774,1085.0239441537667,SARIMA no exog,0.6794320983380742,0.6794320983380742,40.69480085290261,1077.8187525564786,SARIMAX holiday only,Izakaya,Hyōgo-ken Kakogawa-shi Kakogawachō Kitazaike,-0.004059678657704624,0.030992560943729264,0.03505223960143389
air_5b6d18c470bbfaf9,439,39,0.3441330199339317,0.3441330199339317,28.295807238799853,0.4811631794473621,0.4811631794473621,48.46764321754339,1015.1272253655634,SARIMA no exog,0.480548103764984,0.480548103764984,49.90834231834501,927.5379838166662,SARIMAX holiday only,Cafe/Sweets,Tōkyō-to Bunkyō-ku Kasuga,-0.1370301595134304,-0.13641508383105233,0.0006150756823780634
air_32460819c7600037,436,39,0.29860968491747586,0.29860968491747586,25.62065659709293,0.2310400341272554,0.2310400341272554,20.04133335357744,618.0718250252296,SARIMA no exog,0.20192194358090876,0.20192194358090876,17.370491283514657,586.3286701979165,SARIMAX holiday only,Dining bar,Ōsaka-fu Ōsaka-shi Shinmachi,0.06756965079022045,0.0966877413365671,0.029118090546346648
air_91d72e16c4bcba55,436,39,0.7244398399797343,0.7244398399797343,80.05196989361785,0.568906001230071,0.568906001230071,55.82653588559143,1093.4620184501537,SARIMA no exog,0.4905111300023673,0.4905111300023673,44.64460485236559,1075.2953059223978,SARIMAX holiday only,Izakaya,Hyōgo-ken Kōbe-shi Sumiyoshi Higashimachi,0.1555338387496633,0.23392870997736698,0.07839487122770367
air_a563896da3777078,435,39,1.1489100109190862,1.1489100109190862,171.64077273674968,0.674709598287093,0.674709598287093,109.28041463662765,917.9042084240912,SARIMA no exog,0.6750953975616941,0.6750953975616941,110.921708866324,917.5552364659607,SARIMAX holiday only,Izakaya,Tōkyō-to Toshima-ku Mejiro,0.4742004126319932,0.47381461335739206,-0.0003857992746011396
air_16cf0a73233896de,433,39,0.9728211181901497,0.9728211181901497,117.76544136272642,0.7229146760256802,0.7229146760256802,72.81852758528035,942.2257369030358,SARIMA no exog,0.6866545638562543,0.6866545638562543,72.89709338301404,922.3426431297589,SARIMAX holiday only,Bar/Cocktail,Fukuoka-ken Fukuoka-shi Daimyō,0.24990644216446956,0.2861665543338954,0.03626011216942582
air_2009041dbf9264de,437,39,1.3823620041631182,1.3823620041631182,87.49931666904544,0.9255120051088459,0.9255120051088459,51.2196038273244,1181.896953594294,SARIMA no exog,0.8853315661024663,0.8853315661024663,46.06398019037607,1164.0870968529775,SARIMAX holiday only,Cafe/Sweets,Tōkyō-to Shinjuku-ku Kabukichō,0.45684999905427226,0.49703043806065184,0.040180439006379576
air_2570ccb93badde68,439,39,1.4703244032448584,1.4703244032448584,224.73678016642015,1.1515958334521772,1.1515958334521772,168.29481881065539,1205.8917555620187,SARIMA no exog,1.1515527425584546,1.1515527425584546,167.0065952373813,1206.0157145203748,SARIMAX holiday only,Izakaya,Tōkyō-to Shinjuku-ku Kabukichō,0.31872856979268116,0.3187716606864037,4.3090893722563806e-05
air_d44d210d2994f01b,436,39,0.7814833108125543,0.7814833108125543,98.2187612956844,0.6843975384673482,0.6843975384673482,81.02837304778213,862.0114037759017,SARIMA no exog,0.6736913138555577,0.6736913138555577,80.61321414824288,860.2513392108219,SARIMAX holiday only,Bar/Cocktail,Tōkyō-to Setagaya-ku Setagaya,0.0970857723452061,0.1077919969569966,0.010706224611790494
air_673acd9fa5e0dd78,435,39,0.569260748609508,0.569260748609508,54.17407378945841,0.5505881377474252,0.5505881377474252,60.32238355293031,941.5610404864981,SARIMA no exog,0.530612124880739,0.530612124880739,57.22814938075492,934.2493864830901,SARIMAX holiday only,Japanese food,Hokkaidō Sapporo-shi Minami 3 Jōnishi,0.018672610862082828,0.038648623728769094,0.019976012866686266
air_09a845d5b5944b01,439,39,0.48494120433169147,0.48494120433169147,56.33887480041325,0.4818848333476485,0.4818848333476485,50.96397568425785,906.1347629902169,SARIMA no exog,0.4699329429028974,0.4699329429028974,50.64352555705697,902.746836155082,SARIMAX holiday only,Izakaya,Fukuoka-ken Kurume-shi Jōnanmachi,0.0030563709840429887,0.015008261428794079,0.01195189044475109
air_cfdeb326418194ff,439,39,0.7931660761722727,0.7931660761722727,95.81330267190944,0.5415906162233631,0.5415906162233631,49.879361616340844,903.8717542650608,SARIMA no exog,0.5167697310084075,0.5167697310084075,48.272842937652456,817.7546422986011,SARIMAX holiday only,Bar/Cocktail,Tōkyō-to Toshima-ku Minamiikebukuro,0.2515754599489096,0.27639634516386524,0.024820885214955624
air_2d3afcb91762fe01,436,39,0.2991941317776148,0.2991941317776148,21.348886468549004,0.2841840256148787,0.2841840256148787,20.195312430935257,471.1730976420314,SARIMA no exog,0.2841318678535929,0.2841318678535929,20.158719742776405,472.74205993023736,SARIMAX holiday only,Izakaya,Fukuoka-ken Fukuoka-shi Hakata Ekimae,0.01501010616273607,0.01506226392402188,5.215776128580929e-05
air_40f6193ea3ed1b91,436,39,0.4479685840478209,0.4479685840478209,52.22992677426272,0.4530695561441794,0.4530695561441794,41.790393477695474,842.9872929300409,SARIMA no exog,0.46773343856712346,0.46773343856712346,42.05406921798141,825.7956301692864,SARIMAX holiday only,Italian/French,Ōsaka-fu Ōsaka-shi Kyūtarōmachi,-0.005100972096358458,-0.019764854519302544,-0.014663882422944086
air_f911308e19d64236,436,39,1.2876355613023305,1.2876355613023305,147.3220772994211,1.1293750376592,1.1293750376592,121.52341526226355,1075.197288685396,SARIMA no exog,1.0997665554874212,1.0997665554874212,118.41153439871465,1062.153787673738,SARIMAX holiday only,Italian/French,Tōkyō-to Shibuya-ku Shibuya,0.15826052364313048,0.18786900581490928,0.029608482171778805
air_fbadf737162a5ce3,436,39,0.6251451463784479,0.6251451463784479,79.7621301553708,0.5321937448134261,0.5321937448134261,64.4380483703296,829.5481305674305,SARIMA no exog,0.5259461763944407,0.5259461763944407,62.99592850591906,831.6838027032445,SARIMAX holiday only,Izakaya,Tōkyō-to Meguro-ku Kamimeguro,0.0929514015650218,0.09919896998400712,0.0062475684189853276
air_2cee51fa6fdf6c0d,435,39,0.8142110044681014,0.8142110044681014,140.59660385464298,0.7154153254259806,0.7154153254259806,97.66799432918816,1011.8386621657762,SARIMA no exog,0.7031285738971644,0.7031285738971644,95.89212275333952,1012.5407264992471,SARIMAX holiday only,Western food,Tōkyō-to Shibuya-ku Shibuya,0.09879567904212072,0.11108243057093692,0.012286751528816198
air_81a12d67c22e012f,435,39,0.6768050892617569,0.6768050892617569,82.14134770462962,0.6327319333260683,0.6327319333260683,73.49162242507286,995.6984585904729,SARIMA no exog,0.5019386695481367,0.5019386695481367,55.65212870371642,839.1415152151129,SARIMAX holiday only,Izakaya,Tōkyō-to Ōta-ku Kamata,0.04407315593568861,0.17486641971362016,0.13079326377793155
air_63a750d8b4b6a976,438,39,1.264320242351211,1.264320242351211,279.1635268319714,1.022469128261893,1.022469128261893,151.9903373835205,1034.4221933765534,SARIMA no exog,0.9942339131316487,0.9942339131316487,158.24488442918073,1030.3087376283668,SARIMAX holiday only,Italian/French,Fukuoka-ken Fukuoka-shi Daimyō,0.24185111408931803,0.2700863292195623,0.028235215130244296
air_968d72c12eed09f0,432,39,0.8350720068189361,0.8350720068189361,113.295911470331,0.7127855181611311,0.7127855181611311,79.67190008423033,1072.2048602538302,SARIMA no exog,0.6701407050562534,0.6701407050562534,66.13601667285606,1067.525353512554,SARIMAX holiday only,Italian/French,Tōkyō-to Minato-ku Akasaka,0.122286488657805,0.16493130176268267,0.042644813104877666
air_c4fa5c562d5409ca,437,39,1.1742567270151036,1.1742567270151036,289.14264619241993,1.220510118977322,1.220510118977322,330.37779234427546,1204.181361367643,SARIMA no exog,1.2185954939664918,1.2185954939664918,329.9317071888223,1204.4364924017978,SARIMAX holiday only,Japanese food,Fukuoka-ken Kitakyūshū-shi Ōtemachi,-0.04625339196221834,-0.044338766951388164,0.0019146250108301732
air_d4b5a4b04c5f2d04,434,39,1.240882006246759,1.240882006246759,224.18769829968923,0.7559763781289405,0.7559763781289405,115.09438410187292,907.8234354335684,SARIMA no exog,0.7640921976035742,0.7640921976035742,118.75242683360902,906.3239168860342,SARIMAX holiday only,Cafe/Sweets,Ōsaka-fu Sakai-shi Minamikawaramachi,0.48490562811781845,0.47678980864318476,-0.00811581947463369
air_e483f5b3c4f310e0,439,39,0.658835710248279,0.658835710248279,77.86223036223038,0.4031300765122205,0.4031300765122205,46.55238599438448,728.7013699205062,SARIMA no exog,0.3508531156596237,0.3508531156596237,43.47600194096917,665.9155234298842,SARIMAX holiday only,Cafe/Sweets,Fukuoka-ken Fukuoka-shi Momochi,0.25570563373605854,0.30798259458865535,0.05227696085259681
air_d34c0861a2be94cb,436,39,0.25794303909404565,0.25794303909404565,22.246347923187592,0.22113959676917774,0.22113959676917774,19.55961833995271,529.2533615487209,SARIMA no exog,0.18754177878220943,0.18754177878220943,17.056288533950127,497.0673884495528,SARIMAX holiday only,Cafe/Sweets,Fukuoka-ken Fukuoka-shi Momochi,0.0368034423248679,0.07040126031183622,0.033597817986968315
air_e57dd6884595f60d,435,39,0.3059763584901281,0.3059763584901281,23.86900139855042,0.24562163754426955,0.24562163754426955,17.393033727419024,705.7825267118787,SARIMA no exog,0.24810137627069256,0.24810137627069256,17.462032435791595,707.6567691819293,SARIMAX holiday only,Cafe/Sweets,Fukuoka-ken Fukuoka-shi Daimyō,0.06035472094585856,0.057874982219435545,-0.002479738726423014
air_683371d9baabf410,434,39,1.1015425458413544,1.1015425458413544,245.5372601208761,0.6834199952142463,0.6834199952142463,43.809639892067906,953.1479253377711,SARIMA no exog,0.697268103215451,0.697268103215451,44.191744789427204,954.0683362478355,SARIMAX holiday only,Japanese food,Hyōgo-ken Himeji-shi Yasuda,0.418122550627108,0.4042744426259034,-0.013848108001204618
air_95d28905941fd4cb,436,39,0.36796877008019535,0.36796877008019535,34.80547280246537,0.32527779823109276,0.32527779823109276,30.126417135162786,709.6672860538843,SARIMA no exog,0.3400184346580612,0.3400184346580612,29.739644364024105,700.2161454477139,SARIMAX holiday only,Cafe/Sweets,Tōkyō-to Taitō-ku Kuramae,0.04269097184910259,0.027950335422134154,-0.014740636426968434
air_e0f241bd406810c0,436,39,0.8356612077656622,0.8356612077656622,115.87681904922692,0.7426442541122185,0.7426442541122185,57.54259651251934,985.6921492148145,SARIMA no exog,0.6552237380490655,0.6552237380490655,38.36944206588427,949.463331940584,SARIMAX holiday only,Japanese food,Hiroshima-ken Hiroshima-shi Kokutaijimachi,0.09301695365344376,0.1804374697165967,0.08742051606315293
air_f0c7272956e62f12,434,39,1.1801691472193605,1.1801691472193605,221.90640556025167,0.7566243102781676,0.7566243102781676,111.36752308417736,1014.1679152983537,SARIMA no exog,0.7443487481553468,0.7443487481553468,105.85256582192848,968.4325392207561,SARIMAX holiday only,Izakaya,Tōkyō-to Itabashi-ku Itabashi,0.42354483694119294,0.4358203990640137,0.012275562122820771
air_681b0c56328dd2af,431,39,0.44485114900724443,0.44485114900724443,35.96975020758209,0.374629912368251,0.374629912368251,30.277122515014604,867.4315817598896,SARIMA no exog,0.37156268715738433,0.37156268715738433,29.885537006132505,862.1439062858612,SARIMAX holiday only,Italian/French,Tōkyō-to Shibuya-ku Shibuya,0.07022123663899343,0.0732884618498601,0.0030672252108666642
air_9aa32b3db0fab3a5,436,39,0.3547368978354113,0.3547368978354113,30.693049678410233,0.3351130709748268,0.3351130709748268,31.953799865933096,813.5324510588554,SARIMA no exog,0.39000685881125857,0.39000685881125857,36.209388912990036,683.3770843561119,SARIMAX holiday only,Izakaya,Tōkyō-to Chūō-ku Tsukiji,0.019623826860584503,-0.03526996097584728,-0.054893787836431784
air_9b13c7feb0a0c431,436,39,1.2135010907634822,1.2135010907634822,90.46397374530366,1.0380212393055042,1.0380212393055042,101.91045244469181,1256.5302355953095,SARIMA no exog,1.0390821178232783,1.0390821178232783,101.92229961567554,1258.5217891815118,SARIMAX holiday only,Cafe/Sweets,Hyōgo-ken Kōbe-shi Sumiyoshi Higashimachi,0.17547985145797806,0.17441897294020392,-0.0010608785177741442
air_346ade7d29230634,435,39,0.6080143652671612,0.6080143652671612,70.99309522386444,0.597503747626744,0.597503747626744,57.701582387879135,1050.3554553834588,SARIMA no exog,0.5956719523929945,0.5956719523929945,59.92630809014272,1043.5347997400454,SARIMAX holiday only,Izakaya,Hiroshima-ken Hiroshima-shi Nagarekawachō,0.010510617640417275,0.012342412874166708,0.0018317952337494336
air_f068442ebb6c246c,437,39,1.1522636129892267,1.1522636129892267,172.432271943346,0.971684994060965,0.971684994060965,146.9715173184487,1003.8258146736911,SARIMA no exog,0.9792437169356812,0.9792437169356812,152.48899610884013,1002.393125193631,SARIMAX holiday only,Izakaya,Tōkyō-to Taitō-ku Higashiueno,0.18057861892826177,0.1730198960535455,-0.007558722874716262
air_6d65542aa43b598b,436,39,0.919575250200829,0.919575250200829,145.54566586996842,0.9150812098774332,0.9150812098774332,158.0318232166315,877.9924626192106,SARIMA no exog,0.9016676600039442,0.9016676600039442,158.00865451422044,878.4090400975083,SARIMAX holiday only,Italian/French,Shizuoka-ken Hamamatsu-shi Motoshirochō,0.0044940403233957316,0.017907590196884815,0.013413549873489083
air_e5cf003abcc5febb,436,39,1.0045057435616844,1.0045057435616844,178.26955071072717,0.7677876790769491,0.7677876790769491,98.0849436045747,1141.124947200632,SARIMA no exog,0.7683803805752053,0.7683803805752053,99.83259571773047,1140.329299000749,SARIMAX holiday only,Izakaya,Niigata-ken Nagaoka-shi Ōtedōri,0.2367180644847353,0.23612536298647913,-0.0005927014982561873
air_06f95ac5c33aca10,435,39,0.35536767852214746,0.35536767852214746,26.997814704460417,0.36717136677766515,0.36717136677766515,31.12519808368457,823.1558186239245,SARIMA no exog,0.3626251770924569,0.3626251770924569,30.368870469832395,814.2216157275011,SARIMAX holiday only,Izakaya,Tōkyō-to Kōtō-ku Tōyō,-0.011803688255517697,-0.00725749857030944,0.004546189685208257
air_3525f11ef0bf0c35,435,39,0.6853145270218504,0.6853145270218504,129.86026337006712,0.617175789520071,0.617175789520071,96.71824563255463,844.4407693360233,SARIMA no exog,0.6243663515338169,0.6243663515338169,101.35156860979038,842.9616986629721,SARIMAX holiday only,Cafe/Sweets,Ōsaka-fu Ōsaka-shi Shinmachi,0.06813873750177935,0.06094817548803344,-0.007190562013745905
air_3561fd1c0bce6a95,435,39,0.9690739677083932,0.9690739677083932,132.15385336763438,0.7039594666057112,0.7039594666057112,89.84484740176254,882.0944200091697,SARIMA no exog,0.68546976973263,0.68546976973263,86.78604878475036,878.4337760740916,SARIMAX holiday only,Italian/French,Tōkyō-to Ōta-ku Kamiikedai,0.265114501102682,0.2836041979757632,0.01848969687308122
air_473f98b212d37b4a,435,39,0.9430890066206523,0.9430890066206523,92.64816760978127,0.8240202215373481,0.8240202215373481,84.56858115236243,1162.301178921141,SARIMA no exog,0.814830681629216,0.814830681629216,83.85157146736049,1163.9713822906915,SARIMAX holiday only,Dining bar,Tōkyō-to Tachikawa-shi Izumichō,0.11906878508330421,0.1282583249914363,0.009189539908132094
air_670a0c1c4108bcea,435,39,0.9020307131088593,0.9020307131088593,164.7238912465624,0.7753133946192334,0.7753133946192334,86.47328643787759,1146.9437265257222,SARIMA no exog,0.8146219850808555,0.8146219850808555,89.3667124191519,1124.2543906767792,SARIMAX holiday only,Okonomiyaki/Monja/Teppanyaki,Ōsaka-fu Ōsaka-shi Kyūtarōmachi,0.12671731848962586,0.08740872802800381,-0.03930859046162205
air_681f96e6a6595f82,435,39,0.4757895554476445,0.4757895554476445,47.162837555953516,0.4705066962069294,0.4705066962069294,37.57819822483658,972.7661068580269,SARIMA no exog,0.4662856162787102,0.4662856162787102,37.49448418533941,974.1710930234981,SARIMAX holiday only,Italian/French,Tōkyō-to Minato-ku Shibakōen,0.005282859240715088,0.009503939168934328,0.00422107992821924
air_96743eee94114261,435,39,1.3101405178223773,1.3101405178223773,151.83078259422788,0.6994189158086562,0.6994189158086562,60.04808656288826,999.4330937931493,SARIMA no exog,0.6711888535316884,0.6711888535316884,55.21209880421173,991.7803192223737,SARIMAX holiday only,Japanese food,Niigata-ken Niigata-shi Gakkōchōdōri 1 Banchō,0.610721602013721,0.6389516642906888,0.028230062276967782
air_b162fb07fbbdea33,435,39,0.42735512020334127,0.42735512020334127,36.334985677090934,0.35284850006220647,0.35284850006220647,30.371979003637307,603.1450094176637,SARIMA no exog,0.3523269058366925,0.3523269058366925,30.35650339135842,605.112029668211,SARIMAX holiday only,Cafe/Sweets,Tōkyō-to Chūō-ku Tsukiji,0.0745066201411348,0.07502821436664875,0.000521594225513955
air_ea7c16131980c837,435,39,1.0924800594281379,1.0924800594281379,79.89672636731461,0.64112770222508,0.64112770222508,49.73835333586184,913.5841010832692,SARIMA no exog,0.7122253287960184,0.7122253287960184,50.316960120249135,867.2625081796682,SARIMAX holiday only,Italian/French,Tōkyō-to Chūō-ku Ginza,0.4513523572030579,0.38025473063211945,-0.07109762657093843
air_68c1de82037d87e6,438,39,1.2235756980061345,1.2235756980061345,109.2626630027436,0.6971796798482264,0.6971796798482264,74.9041498798087,879.6027624357657,SARIMA no exog,0.6867244306120535,0.6867244306120535,77.50628717590261,867.134394731253,SARIMAX holiday only,Japanese food,Fukuoka-ken Yame-shi Motomachi,0.5263960181579082,0.5368512673940811,0.010455249236172914
air_138ee734ac79ff90,436,39,0.4545926695047285,0.4545926695047285,54.84215214984446,0.5070804663622188,0.5070804663622188,52.50909007995782,747.9064641513529,SARIMA no exog,0.47316737947052334,0.47316737947052334,45.74679778143517,674.2064265713045,SARIMAX holiday only,Cafe/Sweets,Fukuoka-ken Fukuoka-shi Shiobaru,-0.05248779685749033,-0.018574709965794856,0.033913086891695476
air_91beafbba9382b0a,436,39,1.5517732404669236,1.5517732404669236,265.00203389134833,1.2823972871935545,1.2823972871935545,190.59551775227567,1345.3322546003087,SARIMA no exog,1.2156846786337672,1.2156846786337672,179.05190097983063,1309.9111414515774,SARIMAX holiday only,Dining bar,Miyagi-ken Sendai-shi Kamisugi,0.26937595327336905,0.3360885618331564,0.06671260855978733
air_41bbf6e1d9814c4b,435,39,0.5822231991056819,0.5822231991056819,68.37347837347838,0.6172153752360539,0.6172153752360539,77.25239268566355,518.6740876470587,SARIMA no exog,0.6171651168710885,0.6171651168710885,77.24507037025529,520.673656920774,SARIMAX holiday only,Cafe/Sweets,Shizuoka-ken Hamamatsu-shi Motoshirochō,-0.03499217613037198,-0.03494191776540667,5.0258364965305447e-05
air_0241aa3964b7f861,437,39,0.7195464959798956,0.7195464959798956,68.44564567236631,0.548858139640469,0.548858139640469,40.38176124504888,925.3132234859804,SARIMA no exog,0.5407698016597575,0.5407698016597575,41.10803165149669,919.069328883026,SARIMAX holiday only,Izakaya,Tōkyō-to Taitō-ku Higashiueno,0.17068835633942658,0.1787766943201381,0.008088337980711513
air_77dfc83450cbc89c,435,39,0.35885229946749325,0.35885229946749325,23.572148066895906,0.3204916485820794,0.3204916485820794,20.78884122345834,724.3533443389031,SARIMA no exog,0.3349680182909492,0.3349680182909492,21.802406556363017,689.230713004509,SARIMAX holiday only,Izakaya,Tōkyō-to Minato-ku Akasaka,0.03836065088541385,0.023884281176544064,-0.014476369708869785
air_bf21b8350771879b,435,39,0.9646802452494389,0.9646802452494389,228.1389799833483,0.9106670649346755,0.9106670649346755,192.61523463736617,627.9777903608478,SARIMA no exog,0.9205541049976582,0.9205541049976582,197.3417339403307,613.5021704582023,SARIMAX holiday only,Japanese food,Tōkyō-to Suginami-ku Asagayaminami,0.05401318031476332,0.04412614025178063,-0.009887040062982688
air_7831b00996701c0f,433,39,1.4389736994724538,1.4389736994724538,103.43601954632993,1.1697291060393633,1.1697291060393633,121.47321966463427,1230.3522179327947,SARIMA no exog,1.1599874710115212,1.1599874710115212,122.69975263301554,1228.098198595727,SARIMAX holiday only,Izakaya,Hokkaidō Sapporo-shi Kotoni 2 Jō,0.2692445934330905,0.2789862284609326,0.009741635027842088
air_789466e488705c93,438,39,1.00789813933985,1.00789813933985,165.40519343831127,0.8398628777848997,0.8398628777848997,66.94138949232675,1223.542384327988,SARIMA no exog,0.8377796879529026,0.8377796879529026,67.51301208005957,1225.1717651628426,SARIMAX holiday only,Izakaya,Fukuoka-ken Kurume-shi Jōnanmachi,0.1680352615549504,0.17011845138694748,0.0020831898319970676
air_3caef3f76b8f26c5,435,39,0.5517474493903873,0.5517474493903873,55.778348566314165,0.5523624458430734,0.5523624458430734,52.343030197951926,925.658910395817,SARIMA no exog,0.5833179216792568,0.5833179216792568,53.87670121489365,915.8205247318376,SARIMAX holiday only,Other,Ōsaka-fu Ōsaka-shi Ōgimachi,-0.0006149964526860341,-0.031570472288869444,-0.03095547583618341
air_efef1e3daecce07e,435,39,0.8731934561462016,0.8731934561462016,108.92786262001906,0.8550348019026914,0.8550348019026914,103.47935109700452,1205.08446594315,SARIMA no exog,0.8082314687012152,0.8082314687012152,104.00178720221408,1203.244072100455,SARIMAX holiday only,Other,Ōsaka-fu Ōsaka-shi Kyōmachibori,0.018158654243510153,0.06496198744498638,0.04680333320147623
air_24b9b2a020826ede,436,39,1.7212658589780074,1.7212658589780074,98.10768594281176,0.6081841032087525,0.6081841032087525,40.032922570734485,1172.554614763224,SARIMA no exog,0.6305917709138648,0.6305917709138648,39.89977581801042,1146.108580517631,SARIMAX holiday only,Japanese food,Fukuoka-ken Kitakyūshū-shi Ōtemachi,1.113081755769255,1.0906740880641426,-0.022407667705112266
air_a373500730e2a9e0,435,39,0.935249617987266,0.935249617987266,146.78188709666182,0.7593710474133334,0.7593710474133334,93.629657928722,960.7122047131008,SARIMA no exog,0.7165430228917233,0.7165430228917233,87.86392599216917,947.9788307630464,SARIMAX holiday only,Cafe/Sweets,Shizuoka-ken Hamamatsu-shi Motoshirochō,0.17587857057393264,0.2187065950955427,0.04282802452161005
air_a678e5b144ca24ce,435,39,0.6164842702782972,0.6164842702782972,67.29325944493901,0.6010448659192027,0.6010448659192027,62.51415517861023,712.2054521286879,SARIMA no exog,0.6010651429198025,0.6010651429198025,62.52329338090934,714.1846013038711,SARIMAX holiday only,Other,Shizuoka-ken Hamamatsu-shi Motoshirochō,0.015439404359094522,0.01541912735849471,-2.0277000599810968e-05
air_f96765e800907c77,436,39,0.7412002114546896,0.7412002114546896,161.3178959639734,0.7273658055459723,0.7273658055459723,138.25671599445892,1236.7917500352216,SARIMA no exog,0.4815265485340576,0.4815265485340576,40.333140154515945,1030.5631129421677,SARIMAX holiday only,Izakaya,Hiroshima-ken Hiroshima-shi Kokutaijimachi,0.013834405908717318,0.25967366292063204,0.24583925701191472
air_539d693f7317c62d,435,39,1.0157048916948581,1.0157048916948581,187.8951164383132,0.7607284306163784,0.7607284306163784,75.0532880696605,986.9559430934763,SARIMA no exog,0.7302309373971813,0.7302309373971813,75.85894580865885,984.9561252900248,SARIMAX holiday only,Japanese food,Miyagi-ken Sendai-shi Kamisugi,0.2549764610784797,0.28547395429767686,0.030497493219197147
air_ad7777590c884721,435,39,0.731721833556987,0.731721833556987,98.66702385933152,0.6435609821984736,0.6435609821984736,74.74509431117244,767.3624903881089,SARIMA no exog,0.6408508789199113,0.6408508789199113,73.84127971083436,764.9871876273138,SARIMAX holiday only,Izakaya,Tōkyō-to Bunkyō-ku Sendagi,0.08816085135851337,0.09087095463707562,0.002710103278562248
air_b7fa3d2fca744dd2,435,39,0.2752154620690705,0.2752154620690705,23.278665214766566,0.3953985623040686,0.3953985623040686,26.630631357103113,922.5097950824102,SARIMA no exog,0.37302161304671816,0.37302161304671816,25.88226867731051,912.5308111565387,SARIMAX holiday only,Cafe/Sweets,Tōkyō-to Setagaya-ku Setagaya,-0.12018310023499812,-0.09780615097764767,0.022376949257350454
air_614e2f7e76dff854,436,39,1.0878377303672162,1.0878377303672162,85.65809821176006,0.6309107588492746,0.6309107588492746,72.28717260626571,981.0793914383271,SARIMA no exog,0.6404539852469129,0.6404539852469129,72.32925561313866,977.1389220431404,SARIMAX holiday only,Izakaya,Tōkyō-to Itabashi-ku Itabashi,0.4569269715179416,0.4473837451203033,-0.009543226397638271
air_eca4a5a191e8d993,435,39,1.0215862244095437,1.0215862244095437,174.70112091845277,0.9570720706432331,0.9570720706432331,132.59633691847247,1095.8288036581357,SARIMA no exog,0.8233140405790298,0.8233140405790298,114.17540607542675,885.9307113454233,SARIMAX holiday only,Japanese food,Miyagi-ken Sendai-shi Kamisugi,0.06451415376631064,0.19827218383051393,0.13375803006420328
air_ba937bf13d40fb24,427,39,0.906506004150535,0.906506004150535,168.86757010149847,0.5549575783499324,0.5549575783499324,59.962040928213455,945.2012478326033,SARIMA no exog,0.4667737267120085,0.4667737267120085,48.385409285135225,822.6381993565619,SARIMAX holiday only,Dining bar,Tōkyō-to Minato-ku Shibakōen,0.3515484258006025,0.43973227743852644,0.08818385163792392
air_2aab19554f91ff82,436,39,0.43612843440333193,0.43612843440333193,45.72439191691808,0.47063206831680854,0.47063206831680854,45.331876322296836,970.2617488378036,SARIMA no exog,0.31166977683633124,0.31166977683633124,28.97141248859521,768.5756553940394,SARIMAX holiday only,Yakiniku/Korean food,Tōkyō-to Chūō-ku Ginza,-0.034503633913476606,0.1244586575670007,0.1589622914804773
air_90bd5de52c166767,435,39,0.6203592974541553,0.6203592974541553,77.63396838843917,0.6260947390998204,0.6260947390998204,62.22403775876704,1089.9533168968915,SARIMA no exog,0.44810043816993167,0.44810043816993167,39.06650902240407,971.2905137356815,SARIMAX holiday only,Izakaya,Tōkyō-to Kōtō-ku Tōyō,-0.005735441645665085,0.17225885928422363,0.17799430092988872
air_483eba479dc9910d,434,39,0.7223932087389003,0.7223932087389003,93.15299906724982,0.5773463911624537,0.5773463911624537,61.54977016571491,908.3632924173326,SARIMA no exog,0.5783022726854288,0.5783022726854288,61.91577400283911,910.3285794099932,SARIMAX holiday only,Italian/French,Tōkyō-to Meguro-ku Kamimeguro,0.14504681757644666,0.14409093605347156,-0.0009558815229750994
air_65e294f1ae6df9c3,435,39,0.7342435786459011,0.7342435786459011,124.6075573566012,0.5783630702672388,0.5783630702672388,79.39359785647223,892.5544809750136,SARIMA no exog,0.44088106960727935,0.44088106960727935,50.61452610457779,680.0053303650741,SARIMAX holiday only,Other,Fukuoka-ken Fukuoka-shi Hakata Ekimae,0.1558805083786623,0.2933625090386217,0.1374820006599594
air_60aa54ecbc602348,436,39,0.8967647640898164,0.8967647640898164,132.8167665667666,0.7459248364739345,0.7459248364739345,110.93909237474413,993.0724079033242,SARIMA no exog,0.7238157577566605,0.7238157577566605,106.55194306753903,981.7683652364311,SARIMAX holiday only,Bar/Cocktail,Tōkyō-to Minato-ku Shibakōen,0.15083992761588194,0.1729490063331559,0.022109078717273967
air_8a906e5801eac81c,436,39,1.226595986660083,1.226595986660083,113.37507545108623,0.8224402875841782,0.8224402875841782,65.66282353827646,1080.7911366569392,SARIMA no exog,0.8674978555813135,0.8674978555813135,68.53122291063785,975.8423644990205,SARIMAX holiday only,Other,Tōkyō-to Taitō-ku Higashiueno,0.4041556990759049,0.35909813107876953,-0.04505756799713534
air_ee3a01f0c71a769f,436,39,1.6568894589228549,1.6568894589228549,52.55582905544615,0.5794821408673121,0.5794821408673121,37.09608950817092,1146.0409297249066,SARIMA no exog,0.5471857014549442,0.5471857014549442,34.864037403367185,1116.1700137647663,SARIMAX holiday only,Cafe/Sweets,Shizuoka-ken Hamamatsu-shi Motoshirochō,1.0774073180555428,1.1097037574679107,0.03229643941236793
air_457efe8c3a30ea17,435,39,0.9037671251882629,0.9037671251882629,112.79091027959807,0.8069745275833883,0.8069745275833883,87.13468097409896,1034.1517566746145,SARIMA no exog,0.7880254118097239,0.7880254118097239,84.81608906815306,1031.343759586066,SARIMAX holiday only,Creative cuisine,Tōkyō-to Shinjuku-ku Kabukichō,0.09679259760487458,0.115741713378539,0.018949115773664427
air_88ca84051ba95339,435,39,0.5057145487187137,0.5057145487187137,56.083096708198944,0.5004933319118369,0.5004933319118369,54.21228163832586,1029.7723830146206,SARIMA no exog,0.33006923996000825,0.33006923996000825,27.246967019542456,960.3913073868258,SARIMAX holiday only,Japanese food,Tōkyō-to Shinagawa-ku Hiromachi,0.005221216806876816,0.17564530875870543,0.17042409195182862
air_a41b032371a63427,437,39,0.39628644370913174,0.39628644370913174,38.6304326733725,0.457492939974911,0.457492939974911,41.29313921353051,1078.73416811311,SARIMA no exog,0.43171696287455325,0.43171696287455325,40.80255280569162,1045.1450431540784,SARIMAX holiday only,Cafe/Sweets,Fukuoka-ken Itoshima-shi Maebarunishi,-0.06120649626577923,-0.035430519165421503,0.025775977100357728
air_b192fb5310436005,432,38,1.323395418870943,1.323395418870943,163.38695222905747,0.9935796688075713,0.9935796688075713,137.10759745665428,1163.8814069716313,SARIMA no exog,0.9977307894075719,0.9977307894075719,141.07919150014658,1167.0283903126433,SARIMAX holiday only,Dining bar,Tōkyō-to Meguro-ku Kamimeguro,0.3298157500633716,0.32566462946337105,-0.004151120600000557
air_0f2f96335f274801,387,38,0.8998992331598414,0.8998992331598414,88.82883757109762,0.6859957619274041,0.6859957619274041,69.48465175590832,826.1735767764023,SARIMA no exog,0.6426714758982851,0.6426714758982851,60.65884340845598,779.3354106850367,SARIMAX holiday only,Izakaya,Tōkyō-to Chiyoda-ku Kanda Jinbōchō,0.21390347123243736,0.25722775726155633,0.043324286029118975
air_b3180b74332ba886,438,17,1.0810440851103944,1.0810440851103944,48.35145823035095,0.5176568965006643,0.5176568965006643,40.56772131541824,1069.305917295521,SARIMA no exog,0.5338445666647479,0.5338445666647479,42.159360262497906,1074.130788832731,SARIMAX holiday only,Izakaya,Fukuoka-ken Fukuoka-shi Torikai,0.5633871886097301,0.5471995184456465,-0.016187670164083623
air_b1bb1fae86617d7a,363,39,1.3250508234611886,1.3250508234611886,382.5614733474831,0.9751000057343209,0.9751000057343209,178.03861790466124,849.7358957343753,SARIMA no exog,0.9788972484505645,0.9788972484505645,178.89366743839764,843.2264834805243,SARIMAX holiday only,Izakaya,Fukuoka-ken Fukuoka-shi Hakata Ekimae,0.34995081772686776,0.34615357501062416,-0.0037972427162435984
air_877f79706adbfb06,439,39,0.5443456907537362,0.5443456907537362,62.08781854143843,0.4657088191270072,0.4657088191270072,41.74685464640248,886.3422618739396,SARIMA no exog,0.36907945180470625,0.36907945180470625,30.372236438217204,852.4694749010314,SARIMAX holiday only,Japanese food,Tōkyō-to Minato-ku Shibakōen,0.078636871626729,0.17526623894902993,0.09662936732230093
air_bfda7731a6c6fc61,436,39,1.479368372426697,1.479368372426697,333.40532661072143,0.9613086517271078,0.9613086517271078,143.65384181808872,1085.3210738103337,SARIMA no exog,0.9404871894813224,0.9404871894813224,143.63272083777176,1066.2183983345583,SARIMAX holiday only,Dining bar,Tōkyō-to Suginami-ku Asagayaminami,0.5180597206995893,0.5388811829453747,0.020821462245785405
air_650f9b9de0c5542c,435,39,0.5416144806502909,0.5416144806502909,72.1498391199678,0.5431308195370379,0.5431308195370379,74.5480784906102,984.0275264157133,SARIMA no exog,0.5403413236332465,0.5403413236332465,73.29001042823774,978.5695218798946,SARIMAX holiday only,Italian/French,Tōkyō-to Suginami-ku Asagayaminami,-0.0015163388867469596,0.0012731570170444462,0.0027894959037914058
air_51319e7acf0438cf,434,39,0.7095277169149558,0.7095277169149558,112.08320081742325,0.7105109493134304,0.7105109493134304,94.41655377366607,999.599265403157,SARIMA no exog,0.7123788595526809,0.7123788595526809,95.23356155547427,1000.7022580532291,SARIMAX holiday only,Izakaya,Fukuoka-ken Fukuoka-shi Shiobaru,-0.0009832323984746427,-0.0028511426377251237,-0.001867910239250481
air_9d452a881f7f2bb7,439,39,0.9166196282109008,0.9166196282109008,134.26349469618702,0.8992613903131585,0.8992613903131585,92.99431091356041,1170.2165738995122,SARIMA no exog,0.8957944477125331,0.8957944477125331,93.11130930783365,1172.0637076849994,SARIMAX holiday only,Italian/French,Fukuoka-ken Fukuoka-shi Hakata Ekimae,0.017358237897742268,0.02082518049836768,0.003466942600625411
air_37189c92b6c761ec,437,39,1.595073176884002,1.595073176884002,494.2882339728058,1.3680912423204539,1.3680912423204539,219.3099769159834,1334.445591001374,SARIMA no exog,1.3328421376082495,1.3328421376082495,212.80170782169517,1322.6273171777311,SARIMAX holiday only,Bar/Cocktail,Hokkaidō Asahikawa-shi 6 Jōdōri,0.2269819345635482,0.26223103927575253,0.03524910471220433
air_0b184ec04c741a6a,436,38,0.9638910893395137,0.9638910893395137,123.84161383851789,0.7597064379635372,0.7597064379635372,86.11824136359041,985.4821718532313,SARIMA no exog,0.7081765796591496,0.7081765796591496,75.10337155084311,901.415007529106,SARIMAX holiday only,Japanese food,Tōkyō-to Chūō-ku Tsukiji,0.20418465137597652,0.25571450968036413,0.05152985830438761
air_c6a164dd4060e960,436,39,0.9447629310996998,0.9447629310996998,123.79364441681038,0.807674024394101,0.807674024394101,90.65964652858027,1072.5702134504681,SARIMA no exog,0.7564788316884495,0.7564788316884495,77.82278996275323,1015.7842314799656,SARIMAX holiday only,Dining bar,Ōsaka-fu Ōsaka-shi Ōgimachi,0.1370889067055988,0.18828409941125024,0.05119519270565143
air_fd6aac1043520e83,436,39,0.8905062094707179,0.8905062094707179,164.865590003325,0.6454134240828318,0.6454134240828318,73.17881200481963,1220.937226728443,SARIMA no exog,0.4171211916571582,0.4171211916571582,36.07188239285375,983.6932721006515,SARIMAX holiday only,Izakaya,Tōkyō-to Minato-ku Shibakōen,0.24509278538788615,0.4733850178135597,0.22829223242567354
air_07bb665f9cdfbdfb,436,39,1.532986151851357,1.532986151851357,199.32795666271915,0.9754579551571797,0.9754579551571797,156.89842398049927,1254.274455905126,SARIMA no exog,0.9729312233184405,0.9729312233184405,168.87009353131452,1245.93786522944,SARIMAX holiday only,Other,Ōsaka-fu Ōsaka-shi Ōgimachi,0.5575281966941773,0.5600549285329165,0.0025267318387391935
air_6b7678aae65d2d59,434,39,1.1925529831019164,1.1925529831019164,234.72093077862306,0.7254245818001711,0.7254245818001711,85.91732814486204,1126.5194537127932,SARIMA no exog,0.7211069840366446,0.7211069840366446,90.09075656057097,1119.6758778898982,SARIMAX holiday only,Dining bar,Tōkyō-to Minato-ku Shibakōen,0.46712840130174527,0.47144599906527174,0.004317597763526471
air_2a3743e37aab04b4,435,39,0.6866832936898624,0.6866832936898624,55.663698244504225,0.4302015966734655,0.4302015966734655,47.70047669304914,1081.4300793932011,SARIMA no exog,0.4145217362170848,0.4145217362170848,44.46971895009851,1036.9271284955564,SARIMAX holiday only,Italian/French,Ōsaka-fu Ōsaka-shi Kyūtarōmachi,0.25648169701639684,0.27216155747277754,0.0156798604563807
air_b9e27558fb8bd5c4,435,39,1.0480537091949471,1.0480537091949471,135.23826119414352,0.7557937812898337,0.7557937812898337,68.11798460459345,1062.4191877727192,SARIMA no exog,0.7372517322356461,0.7372517322356461,70.33859056229285,1028.8604720722617,SARIMAX holiday only,Izakaya,Tōkyō-to Shibuya-ku Shibuya,0.29225992790511346,0.310801976959301,0.018542049054187548
air_d54d6fcb116fbed3,435,39,0.8167878954328505,0.8167878954328505,75.85877085877087,0.5024484622499195,0.5024484622499195,55.00413962022118,615.8884216269219,SARIMA no exog,0.4961189858789927,0.4961189858789927,55.79214959462969,605.6522383115279,SARIMAX holiday only,Italian/French,Hyōgo-ken Nishinomiya-shi Rokutanjichō,0.314339433182931,0.32066890955385774,0.006329476370926734
air_2c989829acbd1c6b,436,39,0.9071368921040509,0.9071368921040509,185.63615430820312,0.6626896893524188,0.6626896893524188,92.22191222143462,1107.0222297549626,SARIMA no exog,0.4622964591085485,0.4622964591085485,51.17742969594673,867.5732914326127,SARIMAX holiday only,Izakaya,Tōkyō-to Chiyoda-ku Kudanminami,0.24444720275163212,0.4448404329955024,0.2003932302438703
air_9152d9926e5c4a3a,436,39,0.5900938759273389,0.5900938759273389,91.51453592518615,0.6774855364752219,0.6774855364752219,78.47606989390746,1126.218235216078,SARIMA no exog,0.2732838031685611,0.2732838031685611,18.55161079805165,803.6017808980477,SARIMAX holiday only,Italian/French,Tōkyō-to Chūō-ku Tsukiji,-0.08739166054788305,0.31681007275877776,0.4042017333066608
air_99157b6163835eec,435,39,1.2572566444217155,1.2572566444217155,398.54551512068184,1.0761858215430173,1.0761858215430173,226.51634785030672,1254.608993412085,SARIMA no exog,1.0450321743450866,1.0450321743450866,245.5675588063761,1241.6130955795802,SARIMAX holiday only,Cafe/Sweets,Shizuoka-ken Numazu-shi Miyukichō,0.18107082287869813,0.21222447007662892,0.03115364719793079
air_26c5bbeb7bb82bf1,432,39,1.734881926898309,1.734881926898309,852.5726820439338,1.4243566821778646,1.4243566821778646,501.83145276650913,1042.0957928535718,SARIMA no exog,1.4292911311777505,1.4292911311777505,504.7829988702208,1043.760486883174,SARIMAX holiday only,Cafe/Sweets,Tōkyō-to Kita-ku Ōjihonchō,0.3105252447204443,0.30559079572055836,-0.004934448999885932
air_43d577e0c9460e64,436,39,1.11602295220291,1.11602295220291,323.6033670353423,0.9067891694012087,0.9067891694012087,133.86355202420603,1199.3085287788003,SARIMA no exog,0.8954050367462354,0.8954050367462354,129.30396109631337,1195.3592642384094,SARIMAX holiday only,Creative cuisine,Hyōgo-ken Nishinomiya-shi Rokutanjichō,0.20923378280170124,0.22061791545667453,0.011384132654973289
air_4cab91146e3d1897,435,39,1.0665230032661006,1.0665230032661006,58.97177365294773,0.768533919615262,0.768533919615262,60.69157723694377,1148.786897109791,SARIMA no exog,0.7989306263013894,0.7989306263013894,62.27002572585246,1144.3440024786364,SARIMAX holiday only,Izakaya,Tōkyō-to Shinagawa-ku Higashigotanda,0.29798908365083865,0.26759237696471116,-0.030396706686127484
air_573ecdf81b157d22,435,39,0.7712592431028003,0.7712592431028003,63.5770752613461,0.7258624926026978,0.7258624926026978,68.9589917954853,1128.0537037555512,SARIMA no exog,0.6380949111886695,0.6380949111886695,40.77759447791231,1090.6233272478476,SARIMAX holiday only,Japanese food,Tōkyō-to Toshima-ku Minamiikebukuro,0.0453967505001025,0.1331643319141308,0.0877675814140283
air_d5e0a20370c325c7,434,39,1.3322261103007267,1.3322261103007267,114.625487232095,0.7766868186302669,0.7766868186302669,91.61035951600851,1062.1143459529312,SARIMA no exog,0.6794937032439221,0.6794937032439221,70.93947595081951,1020.702737726424,SARIMAX holiday only,Cafe/Sweets,Tōkyō-to Taitō-ku Higashiueno,0.5555392916704598,0.6527324070568046,0.09719311538634479
air_275732a5db46f4d3,436,39,0.7647038134616488,0.7647038134616488,116.70679477788349,0.5587471876106124,0.5587471876106124,44.78030703838853,825.6380142441618,SARIMA no exog,0.5578720755207776,0.5578720755207776,44.76351400963712,827.5873206478025,SARIMAX holiday only,Cafe/Sweets,Tōkyō-to Setagaya-ku Okusawa,0.20595662585103647,0.20683173794087129,0.0008751120898348175
air_eb20a89bba7dd3d0,435,39,0.5405006894105493,0.5405006894105493,58.211233211233214,0.5774713554611519,0.5774713554611519,68.26134607638296,852.1084772795562,SARIMA no exog,0.5682651642228949,0.5682651642228949,66.51850946355079,803.1353796580563,SARIMAX holiday only,Japanese food,Tōkyō-to Chiyoda-ku Kudanminami,-0.03697066605060262,-0.027764474812345563,0.009206191238257055
air_546b353cbea4a45b,436,39,0.8366574143124866,0.8366574143124866,120.20440055363532,0.7258995997833672,0.7258995997833672,94.08523469257784,1059.0256341834136,SARIMA no exog,0.6236479564363342,0.6236479564363342,69.72191232623763,834.0910987753906,SARIMAX holiday only,Izakaya,Tōkyō-to Chūō-ku Tsukiji,0.11075781452911948,0.21300945787615244,0.10225164334703296
air_27e991812b0d9c92,437,39,1.1210556905262472,1.1210556905262472,284.85935571779066,0.8498494990916116,0.8498494990916116,99.76624319801769,1094.6500162237548,SARIMA no exog,0.782695765932437,0.782695765932437,74.62439303149223,1070.1873960281164,SARIMAX holiday only,Cafe/Sweets,Fukuoka-ken Fukuoka-shi Daimyō,0.27120619143463565,0.33835992459381026,0.06715373315917461
air_832f9dbe9ee4ebd3,435,39,1.2805567699879925,1.2805567699879925,91.62097030745778,0.9449004102214895,0.9449004102214895,79.67376009931031,1325.169486722249,SARIMA no exog,1.0021779037902907,1.0021779037902907,91.12666387552082,1320.9235304516528,SARIMAX holiday only,Cafe/Sweets,Ōsaka-fu Ōsaka-shi Ōgimachi,0.335656359766503,0.2783788661977018,-0.057277493568801185
