air_store_id,train_days,test_days,seasonal_naive_rmsle,seasonal_naive_rmse_log,seasonal_naive_mape,sarima_no_exog_rmsle,sarima_no_exog_rmse_log,sarima_no_exog_mape,sarima_no_exog_aic,sarima_no_exog_status,arimax_holiday_only_rmsle,arimax_holiday_only_rmse_log,arimax_holiday_only_mape,arimax_holiday_only_aic,arimax_holiday_only_status,arimax_holiday_weekend_rmsle,arimax_holiday_weekend_rmse_log,arimax_holiday_weekend_mape,arimax_holiday_weekend_aic,arimax_holiday_weekend_status,arimax_golden_week_only_rmsle,arimax_golden_week_only_rmse_log,arimax_golden_week_only_mape,arimax_golden_week_only_aic,arimax_golden_week_only_status,arimax_reservation_only_rmsle,arimax_reservation_only_rmse_log,arimax_reservation_only_mape,arimax_reservation_only_aic,arimax_reservation_only_status,arimax_full_rmsle,arimax_full_rmse_log,arimax_full_mape,arimax_full_aic,arimax_full_status,air_genre_name,air_area_name,delta_sarima_vs_naive,delta_arimax_vs_naive,delta_arimax_vs_sarima
air_5c817ef28f236bdf,438,39,0.6250091742721982,0.6250091742721982,76.89224566839286,0.45423567857901437,0.45423567857901437,50.523240750194454,578.2262257966452,SARIMA no exog,0.4635447111711382,0.4635447111711382,52.44725054115188,557.511516038296,ARIMAX holiday only,0.4635446971466048,0.4635446971466048,52.447248164185154,559.5115160391475,ARIMAX holiday + weekend,0.45737756421676584,0.45737756421676584,51.12477916018761,576.0405073973435,ARIMAX Golden Week only,0.45372814788860344,0.45372814788860344,50.4368647392065,580.1131389020225,ARIMAX reservation only,0.4634774887183718,0.4634774887183718,52.47529264837637,562.4717829748525,ARIMAX full,Izakaya,Tōkyō-to Shibuya-ku Shibuya,0.17077349569318379,0.16153168555382635,-0.009241810139357431
air_36bcf77d3382d36e,439,39,0.4837786148309487,0.4837786148309487,47.98657756557802,0.3236161043356392,0.3236161043356392,27.86349039335811,417.54468372203127,SARIMA no exog,0.2818864929535534,0.2818864929535534,25.19297130632774,363.8193114904342,ARIMAX holiday only,0.28188649335271077,0.28188649335271077,25.192971342999538,365.8193114904832,ARIMAX holiday + weekend,0.3249454783938496,0.3249454783938496,28.18261394963934,398.379040046472,ARIMAX Golden Week only,0.32361610317111805,0.32361610317111805,27.863490265646877,419.5446837221918,ARIMAX reservation only,0.2857792655858591,0.2857792655858591,25.58441172456991,360.70609861632704,ARIMAX full,Bar/Cocktail,Tōkyō-to Chiyoda-ku Kudanminami,0.1601625104953095,0.1979993492450896,0.03783683874978011
air_a083834e7ffe187e,439,39,0.793872278531669,0.793872278531669,139.5598408049157,0.7353721827755365,0.7353721827755365,119.1721507564092,779.3385902083578,SARIMA no exog,0.73293922077644,0.73293922077644,118.74956782295625,778.9241678840151,ARIMAX holiday only,0.7328721778375595,0.7328721778375595,118.71468785102901,780.924191151172,ARIMAX holiday + weekend,0.7356387544749082,0.7356387544749082,119.30212304769239,778.1737032744927,ARIMAX Golden Week only,0.6949278848833988,0.6949278848833988,75.2788299410612,708.3907475979902,ARIMAX reservation only,0.6967862466755979,0.6967862466755979,75.6445047973173,709.58249865944,ARIMAX full,Izakaya,Miyagi-ken Sendai-shi Kamisugi,0.058500095756132464,0.09708603185607112,0.038585936099938656
air_d97dabf7aae60da5,439,39,0.44559412220016387,0.44559412220016387,38.48915417952494,0.4911126824376158,0.4911126824376158,34.29683422325121,600.5654230691707,SARIMA no exog,0.46898173607790633,0.46898173607790633,33.88307765743624,517.8429923304118,ARIMAX holiday only,0.4689810934598172,0.4689810934598172,33.88300307505986,519.8429920526905,ARIMAX holiday + weekend,0.49500439244902494,0.49500439244902494,34.51982201406921,584.4783304057361,ARIMAX Golden Week only,0.4911112427127559,0.4911112427127559,34.29672961691872,602.5654232052519,ARIMAX reservation only,0.46997245882199473,0.46997245882199473,33.747538919056595,518.470275746414,ARIMAX full,Cafe/Sweets,Tōkyō-to Shibuya-ku Jingūmae,-0.04551856023745193,-0.024378336621830865,0.021140223615621068
air_60a7057184ec7ec7,439,39,0.5401042980219157,0.5401042980219157,48.30127878597446,0.40978255355978443,0.40978255355978443,34.71846503186239,660.5558453107619,SARIMA no exog,0.3970505997312255,0.3970505997312255,33.9630121692799,650.428056800489,ARIMAX holiday only,0.3970504902944957,0.3970504902944957,33.963087877221284,652.4280569848102,ARIMAX holiday + weekend,0.4097917323273815,0.4097917323273815,34.8087266079397,658.0529569745664,ARIMAX Golden Week only,0.40978261813315836,0.40978261813315836,34.71848949242395,662.5558452903992,ARIMAX reservation only,0.39797704186756516,0.39797704186756516,34.0872801294214,655.0685485988622,ARIMAX full,Izakaya,Fukuoka-ken Fukuoka-shi Torikai,0.1303217444621313,0.14212725615435057,0.011805511692219273
air_71903025d39a4571,439,39,0.6480820695419723,0.6480820695419723,92.25419015237759,0.4380236847715225,0.4380236847715225,46.76381584859027,600.6035006390318,SARIMA no exog,0.4298416221894682,0.4298416221894682,46.86615496456278,593.7234296652648,ARIMAX holiday only,0.4298419068802898,0.4298419068802898,46.866212472272224,595.723429662035,ARIMAX holiday + weekend,0.4354473746067859,0.4354473746067859,46.08214539171932,592.9185931072775,ARIMAX Golden Week only,0.4380237324241801,0.4380237324241801,46.76382764012436,602.6035006398286,ARIMAX reservation only,0.42930530917681314,0.42930530917681314,46.35035190983724,594.0223296063625,ARIMAX full,Cafe/Sweets,Hokkaidō Sapporo-shi Minami 3 Jōnishi,0.21005838477044986,0.2187767603651592,0.008718375594709338
air_232dcee6f7c51d37,438,39,0.5922094902892413,0.5922094902892413,57.75796852719929,0.49254526727745795,0.49254526727745795,51.736555970270835,486.31720663240975,SARIMA no exog,0.48781375473495286,0.48781375473495286,49.99582404954411,471.924833707619,ARIMAX holiday only,0.4878186327806844,0.4878186327806844,50.01817043605745,473.9279305073813,ARIMAX holiday + weekend,0.4919675876818944,0.4919675876818944,51.531408778300836,485.82887300808443,ARIMAX Golden Week only,0.49255137105697566,0.49255137105697566,51.73627453506663,488.3172057275375,ARIMAX reservation only,0.4877540608162227,0.4877540608162227,50.084499326376196,477.68605294504414,ARIMAX full,Cafe/Sweets,Tōkyō-to Shinjuku-ku Nishishinjuku,0.09966422301178335,0.10445542947301861,0.0047912064612352645
air_883ca28ef0ed3d55,439,39,0.6220551697157812,0.6220551697157812,52.334090719420566,0.3985088251572711,0.3985088251572711,32.72651086372461,675.8381711345417,SARIMA no exog,0.39375463912704295,0.39375463912704295,32.66766231567223,677.1167420438569,ARIMAX holiday only,0.39375463106595743,0.39375463106595743,32.66766356765232,679.116742043253,ARIMAX holiday + weekend,0.4029137389609491,0.4029137389609491,32.658694283538466,672.5471642752995,ARIMAX Golden Week only,0.3985211402877004,0.3985211402877004,32.71720446145069,677.4258216782039,ARIMAX reservation only,0.39534154813383443,0.39534154813383443,32.58795861725112,676.0979948805409,ARIMAX full,Bar/Cocktail,Tōkyō-to Nakano-ku Nakano,0.22354634455851013,0.2267136215819468,0.0031672770234366654
air_7a946aada80376a4,436,39,0.5240852360615633,0.5240852360615633,49.15458290131791,0.3594863092952998,0.3594863092952998,30.706969580097887,431.4935181951914,SARIMA no exog,0.3431268730797375,0.3431268730797375,30.26992439809676,410.81503026528605,ARIMAX holiday only,0.34312687427353084,0.34312687427353084,30.269924500274016,412.8150302656477,ARIMAX holiday + weekend,0.3595732342474794,0.3595732342474794,30.711618325927525,418.83888922032645,ARIMAX Golden Week only,0.35948630065398934,0.35948630065398934,30.706967754326392,433.49351818373424,ARIMAX reservation only,0.34513030280236495,0.34513030280236495,30.29013278097419,406.633739139415,ARIMAX full,Cafe/Sweets,Ōsaka-fu Ōsaka-shi Kyūtarōmachi,0.16459892676626353,0.17895493325919837,0.014356006492934836
air_cb7467aed805e7fe,439,39,0.45482883258123846,0.45482883258123846,46.87126232706335,0.3204877945104929,0.3204877945104929,26.412438358900907,651.6567415706272,SARIMA no exog,0.32060852154412683,0.32060852154412683,25.805569961171127,644.4609855718719,ARIMAX holiday only,0.32060852512797233,0.32060852512797233,25.805569839257675,646.4609855767598,ARIMAX holiday + weekend,0.32052724565031626,0.32052724565031626,26.390828716861908,647.3382088398124,ARIMAX Golden Week only,0.3212658686213674,0.3212658686213674,25.13016500207565,640.6085955918293,ARIMAX reservation only,0.3222955985618978,0.3222955985618978,24.262187967868627,632.7794972534596,ARIMAX full,Izakaya,Fukuoka-ken Fukuoka-shi Daimyō,0.13434103807074554,0.13253323401934064,-0.0018078040514049043
air_d0e8a085d8dc83aa,439,39,0.8139982334970859,0.8139982334970859,85.27448962969325,0.5713254064477012,0.5713254064477012,72.40961628665559,673.243607059645,SARIMA no exog,0.5721211904772925,0.5721211904772925,72.49098619727856,675.1254942665896,ARIMAX holiday only,0.5721258574281397,0.5721258574281397,72.49135883703715,677.125490012668,ARIMAX holiday + weekend,0.5712361438316647,0.5712361438316647,72.42913978231554,674.7713583949862,ARIMAX Golden Week only,0.572119483789773,0.572119483789773,72.45623853666862,675.2619392253043,ARIMAX reservation only,0.5726319988064197,0.5726319988064197,72.56562356612552,680.4531671620537,ARIMAX full,Cafe/Sweets,Hyōgo-ken Kōbe-shi Sumiyoshi Higashimachi,0.24267282704938464,0.2413662346906662,-0.0013065923587184392
air_4cca5666eaf5c709,437,39,0.36668028273847786,0.36668028273847786,32.4872530546852,0.3881415670407514,0.3881415670407514,29.132455734266344,557.3791721430416,SARIMA no exog,0.38807083013574006,0.38807083013574006,29.12986338423393,559.3748972099819,ARIMAX holiday only,0.3880852492491827,0.3880852492491827,29.13381187253185,561.3748864638712,ARIMAX holiday + weekend,0.3873929378948643,0.3873929378948643,29.28380145715509,562.6381178838325,ARIMAX Golden Week only,0.38877761138666617,0.38877761138666617,29.36853117742469,552.4049459605058,ARIMAX reservation only,0.38793800593449557,0.38793800593449557,29.32421295673413,557.5314371240675,ARIMAX full,Izakaya,Tōkyō-to Kōtō-ku Kameido,-0.021461284302273564,-0.021257723196017708,0.00020356110625585622
air_04341b588bde96cd,439,39,0.6054852462163772,0.6054852462163772,55.201616172887014,0.4426326163858693,0.4426326163858693,35.006510667928595,783.98126732037,SARIMA no exog,0.44255405629637656,0.44255405629637656,35.00269666936844,785.9628332953648,ARIMAX holiday only,0.44255376137444175,0.44255376137444175,35.00269927964412,787.9628333899857,ARIMAX holiday + weekend,0.44208686974313965,0.44208686974313965,34.98195743009312,785.5512487932829,ARIMAX Golden Week only,0.4456229180155913,0.4456229180155913,35.13867966662277,785.5980369081964,ARIMAX reservation only,0.4450011029476649,0.4450011029476649,35.0954594170066,790.9857803320309,ARIMAX full,Izakaya,Tōkyō-to Nerima-ku Toyotamakita,0.1628526298305079,0.16048414326871235,-0.0023684865617955575
air_fe22ef5a9cbef123,439,39,0.8317101333313697,0.8317101333313697,101.33325410725764,0.6715620970416702,0.6715620970416702,84.51048412451378,853.2390340730337,SARIMA no exog,0.6386101479640724,0.6386101479640724,81.78536334027939,827.2686626935522,ARIMAX holiday only,0.6386083728277293,0.6386083728277293,81.78583624467586,829.2686500323791,ARIMAX holiday + weekend,0.6713742469307702,0.6713742469307702,84.49579913463981,847.7126288596855,ARIMAX Golden Week only,0.6140861687030204,0.6140861687030204,67.89491149888688,823.4333078657048,ARIMAX reservation only,0.5820555671144323,0.5820555671144323,66.29900720628952,798.7142205944465,ARIMAX full,Dining bar,Fukuoka-ken Fukuoka-shi Daimyō,0.16014803628969942,0.24965456621693738,0.08950652992723795
air_3c05c8f26c611eb9,438,39,1.4307761786043085,1.4307761786043085,99.17984038254357,0.6356163848763512,0.6356163848763512,56.17783959651131,815.710139596584,SARIMA no exog,0.6382778060181935,0.6382778060181935,56.37492566915292,817.390699544213,ARIMAX holiday only,0.6382778072889106,0.6382778072889106,56.374925742636464,819.3906995435271,ARIMAX holiday + weekend,0.6330018357048202,0.6330018357048202,56.169444298225216,815.123811687744,ARIMAX Golden Week only,0.7207732221733422,0.7207732221733422,55.78388543876387,750.3924126159833,ARIMAX reservation only,0.7351374714117984,0.7351374714117984,56.17313003363593,750.0281306868119,ARIMAX full,Izakaya,Hiroshima-ken Fukuyama-shi Higashisakuramachi,0.7951597937279573,0.6956387071925101,-0.09952108653544722
air_6b15edd1b4fbb96a,438,39,0.579210730422218,0.579210730422218,61.08041206531398,0.48525225125113153,0.48525225125113153,42.902153126484585,731.6362561474687,SARIMA no exog,0.4746825684299423,0.4746825684299423,42.114305820408084,720.338728638408,ARIMAX holiday only,0.4746639105445347,0.4746639105445347,42.11201624042836,722.3388222344773,ARIMAX holiday + weekend,0.48416089555041025,0.48416089555041025,42.95770178856574,724.4624962149328,ARIMAX Golden Week only,0.6557812394620861,0.6557812394620861,44.48131038205018,657.3685331547458,ARIMAX reservation only,0.634499528547758,0.634499528547758,43.924984403883926,654.9128575080301,ARIMAX full,Italian/French,Shizuoka-ken Hamamatsu-shi Motoshirochō,0.09395847917108652,-0.055288798125539995,-0.1492472772966265
air_dea0655f96947922,438,39,0.26167685862946855,0.26167685862946855,21.81786293814153,0.24404247011301064,0.24404247011301064,18.84124142749379,558.8552923897703,SARIMA no exog,0.23684349774799807,0.23684349774799807,18.18890357262786,546.7958165179058,ARIMAX holiday only,0.23684398333469933,0.23684398333469933,18.188956905284144,548.7958161438141,ARIMAX holiday + weekend,0.2430249382612317,0.2430249382612317,18.929522724169445,555.8395146077071,ARIMAX Golden Week only,0.36073849164342264,0.36073849164342264,24.324744344007073,553.7858607086497,ARIMAX reservation only,0.3504852211706418,0.3504852211706418,23.70651524921329,544.4264467497444,ARIMAX full,Dining bar,Ōsaka-fu Ōsaka-shi Ōgimachi,0.017634388516457905,-0.08880836254117325,-0.10644275105763115
air_39dccf7df20b1c6a,439,39,0.5794263337539577,0.5794263337539577,49.247702361770095,0.4025358286372518,0.4025358286372518,33.31294320962979,687.695682544504,SARIMA no exog,0.40613962752517246,0.40613962752517246,33.43816826634103,687.6465885251235,ARIMAX holiday only,0.406139633766982,0.406139633766982,33.43816853223151,689.6465885250763,ARIMAX holiday + weekend,0.3999659404751076,0.3999659404751076,33.21213522408716,687.6376311019048,ARIMAX Golden Week only,0.402535828511211,0.402535828511211,33.312943181882275,689.6956825444955,ARIMAX reservation only,0.40333179600381314,0.40333179600381314,33.237204535754536,692.4591642943547,ARIMAX full,Izakaya,Hyōgo-ken Takarazuka-shi Tōyōchō,0.1768905051167059,0.17609453775014455,-0.0007959673665613454
air_7cf5a02c0e01b647,438,39,0.6277937846166309,0.6277937846166309,65.48485624136212,0.5588924147578915,0.5588924147578915,71.06133355816408,715.3865799111975,SARIMA no exog,0.5588114985823868,0.5588114985823868,71.03535042916526,717.3174495803072,ARIMAX holiday only,0.5588115307760397,0.5588115307760397,71.03535698243385,719.3174495910248,ARIMAX holiday + weekend,0.5584384590657291,0.5584384590657291,71.09849767613743,715.6705629786792,ARIMAX Golden Week only,0.5588924294779516,0.5588924294779516,71.06133801710511,717.3865799084258,ARIMAX reservation only,0.5584805593670792,0.5584805593670792,71.11290563357998,721.6626344035546,ARIMAX full,Izakaya,Hyōgo-ken Kōbe-shi Motomachidōri,0.0689013698587394,0.06931322524955175,0.00041185539081234346
air_ba495cccc8f0f237,438,39,0.6936031123760908,0.6936031123760908,85.0826167429567,0.4554901556377141,0.4554901556377141,48.7432549531308,757.0013532486773,SARIMA no exog,0.4557880602545156,0.4557880602545156,48.88027018193803,758.8775850302566,ARIMAX holiday only,0.45578772090402725,0.45578772090402725,48.88019659675189,760.8775855008566,ARIMAX holiday + weekend,0.4558578700789799,0.4558578700789799,48.85234314086422,757.7586981035363,ARIMAX Golden Week only,0.4545217865915307,0.4545217865915307,48.542852194354715,758.405586323626,ARIMAX reservation only,0.455610080027347,0.455610080027347,48.947504604114854,762.5905621040756,ARIMAX full,Bar/Cocktail,Tōkyō-to Chūō-ku Ginza,0.23811295673837674,0.23799303234874386,-0.000119924389632875
air_536043fcf1a4f8a4,439,39,0.4705544573904175,0.4705544573904175,48.846897332648055,0.3786048324469178,0.3786048324469178,33.20872654055515,675.8723882852764,SARIMA no exog,0.3741070529719421,0.3741070529719421,32.42709534368485,667.8892740371673,ARIMAX holiday only,0.3741070323002318,0.3741070323002318,32.427095512514434,669.8892740450906,ARIMAX holiday + weekend,0.3781533672845506,0.3781533672845506,33.197511465025784,673.3063736448394,ARIMAX Golden Week only,0.3786090941935588,0.3786090941935588,33.20874473886876,677.8723914322445,ARIMAX reservation only,0.37370052748101645,0.37370052748101645,32.49283773975793,672.1876368926377,ARIMAX full,Bar/Cocktail,Ōsaka-fu Ōsaka-shi Kyūtarōmachi,0.09194962494349973,0.09685392990940106,0.004904304965901329
air_2b8b29ddfd35018e,438,39,0.8460700599107199,0.8460700599107199,179.29988263975218,0.5484903939333473,0.5484903939333473,78.213405087503,854.1681730383337,SARIMA no exog,0.5696066481504961,0.5696066481504961,84.58337083199984,848.0026115527244,ARIMAX holiday only,0.5696066432507707,0.5696066432507707,84.58334908547982,850.0026115465832,ARIMAX holiday + weekend,0.5492082364518134,0.5492082364518134,78.58543312513837,853.7411037986445,ARIMAX Golden Week only,0.5679251745226052,0.5679251745226052,69.59035988561696,825.9672251523866,ARIMAX reservation only,0.5923030516845386,0.5923030516845386,76.5426492825159,822.9934968295819,ARIMAX full,Okonomiyaki/Monja/Teppanyaki,Hiroshima-ken Hiroshima-shi Kokutaijimachi,0.2975796659773726,0.25376700822618137,-0.04381265775119125
air_638c35eb25e53eea,438,39,0.8288689166129153,0.8288689166129153,125.37246249455261,0.7034599987964335,0.7034599987964335,67.50759186079837,850.3790706893651,SARIMA no exog,0.7015674881067792,0.7015674881067792,66.66046460034575,849.1089565573814,ARIMAX holiday only,0.7015763863279098,0.7015763863279098,66.72862662820529,851.1263426642869,ARIMAX holiday + weekend,0.7035316009049181,0.7035316009049181,67.51634812557529,846.9582788128293,ARIMAX Golden Week only,0.7239558213164473,0.7239558213164473,66.18266461780462,837.1961731008787,ARIMAX reservation only,0.7221935980885252,0.7221935980885252,65.93764557170574,837.3173432950689,ARIMAX full,Italian/French,Fukuoka-ken Fukuoka-shi Daimyō,0.12540891781648178,0.10667531852439005,-0.01873359929209173
air_e270aff84ac7e4c8,438,39,0.9282754576027942,0.9282754576027942,144.5784628702895,0.767218349203483,0.767218349203483,113.2528396976759,782.5168482110115,SARIMA no exog,0.7659248531850043,0.7659248531850043,112.4797415795639,782.8185056653977,ARIMAX holiday only,0.7659247237123274,0.7659247237123274,112.47974394582481,784.8185058249042,ARIMAX holiday + weekend,0.7678587897057497,0.7678587897057497,114.61964576836439,775.0474856875669,ARIMAX Golden Week only,0.7709630819628409,0.7709630819628409,108.05245159501548,774.3155360443341,ARIMAX reservation only,0.7695342067049804,0.7695342067049804,108.97561833988001,771.6022217669815,ARIMAX full,Okonomiyaki/Monja/Teppanyaki,Hiroshima-ken Hiroshima-shi Kokutaijimachi,0.1610571083993112,0.15874125089781377,-0.0023158575014974314
air_287d2de7d3c93406,437,39,0.8061179503465239,0.8061179503465239,135.57280503446358,0.7128302727115531,0.7128302727115531,105.46178996028321,711.0752536307469,SARIMA no exog,0.7020043763672478,0.7020043763672478,99.76853257157254,689.5285581111553,ARIMAX holiday only,0.7020023014951678,0.7020023014951678,99.79534240403277,691.5248773132189,ARIMAX holiday + weekend,0.7139024372358846,0.7139024372358846,105.94518740832252,708.6585566025032,ARIMAX Golden Week only,0.7128302725707573,0.7128302725707573,105.46179163429237,713.0752536284235,ARIMAX reservation only,0.7013528048002432,0.7013528048002432,99.14592668353072,697.170716909692,ARIMAX full,Bar/Cocktail,Tōkyō-to Toshima-ku Minamiikebukuro,0.09328767763497081,0.10476514554628069,0.01147746791130988
air_640cf4835f0d9ba3,436,39,0.9445784827493143,0.9445784827493143,58.18184565873283,0.5044055769969993,0.5044055769969993,46.53751040193876,834.6694313114951,SARIMA no exog,0.5135800842694631,0.5135800842694631,46.815078067164976,831.517420806925,ARIMAX holiday only,0.513579928146981,0.513579928146981,46.815087993022516,833.5174208535045,ARIMAX holiday + weekend,0.504317114803369,0.504317114803369,46.54906151176222,836.6362891267194,ARIMAX Golden Week only,0.7395727491685575,0.7395727491685575,52.41963871078956,794.2668098892216,ARIMAX reservation only,0.721408807683315,0.721408807683315,51.76687051298221,798.3582826835368,ARIMAX full,Izakaya,Tōkyō-to Ōta-ku Kamata,0.44017290575231505,0.22316967506599938,-0.21700323068631566
air_8c119d1f16049f20,436,39,0.6203180835326343,0.6203180835326343,82.10162267354386,0.48415971877810565,0.48415971877810565,55.10991482049901,438.9554172242815,SARIMA no exog,0.4820378089190228,0.4820378089190228,54.75257176437355,440.70250066072174,ARIMAX holiday only,0.48203229035865225,0.48203229035865225,54.75162252210256,442.70250057982423,ARIMAX holiday + weekend,0.48275419830803995,0.48275419830803995,54.859957177756726,434.8765683141727,ARIMAX Golden Week only,0.48415962935218443,0.48415962935218443,55.109900039068826,440.9554172297733,ARIMAX reservation only,0.48453683351493537,0.48453683351493537,55.17512961311268,443.76330816308433,ARIMAX full,Cafe/Sweets,Tōkyō-to Shinjuku-ku Kabukichō,0.13615836475452864,0.13578125001769892,-0.0003771147368297201
air_f6b2489ccf873c3b,436,39,0.3387004185328204,0.3387004185328204,32.01886061082608,0.23602362283656622,0.23602362283656622,21.51000821508245,404.5158488859015,SARIMA no exog,0.2391526665764243,0.2391526665764243,22.07908788867617,394.0549104872458,ARIMAX holiday only,0.23915267543588584,0.23915267543588584,22.079088777976494,396.0549104907862,ARIMAX holiday + weekend,0.23675197596419156,0.23675197596419156,21.497811104262922,400.51926093772863,ARIMAX Golden Week only,0.23602362039925975,0.23602362039925975,21.510007944511813,406.51584888700125,ARIMAX reservation only,0.2392773148248007,0.2392773148248007,22.109986436897124,388.7689668215178,ARIMAX full,Bar/Cocktail,Tōkyō-to Chūō-ku Tsukiji,0.10267679569625418,0.09942310370801971,-0.0032536919882344695
air_383f5b2f8d345a49,438,39,0.6792142472638804,0.6792142472638804,49.26082851594876,0.5815401516419585,0.5815401516419585,54.238913986075765,719.774430531362,SARIMA no exog,0.5702602179183887,0.5702602179183887,54.261903118032485,718.6671243137245,ARIMAX holiday only,0.570260235886566,0.570260235886566,54.26190364892094,720.6671243085698,ARIMAX holiday + weekend,0.5934971096827569,0.5934971096827569,54.6268539170343,708.2308178664557,ARIMAX Golden Week only,0.5815401657290202,0.5815401657290202,54.238914345244005,721.7744305268067,ARIMAX reservation only,0.5724117728936646,0.5724117728936646,54.2565691935234,722.9199497898559,ARIMAX full,Dining bar,Tōkyō-to Setagaya-ku Setagaya,0.09767409562192186,0.10680247437021573,0.009128378748293864
air_93ebe490d4abb8e9,436,39,0.5925152852152131,0.5925152852152131,77.21017005249621,0.5876046270894428,0.5876046270894428,80.62701878097064,722.4449460846633,SARIMA no exog,0.5977766412902616,0.5977766412902616,85.03324948125913,707.6430440794063,ARIMAX holiday only,0.5992440003099151,0.5992440003099151,85.22258104580908,709.3415428314465,ARIMAX holiday + weekend,0.58844492120319,0.58844492120319,82.10764135657536,724.0117650622224,ARIMAX Golden Week only,0.5878012326097626,0.5878012326097626,81.0374186014932,724.4367829035571,ARIMAX reservation only,0.5995383158635872,0.5995383158635872,85.07713766225336,713.1668273385419,ARIMAX full,Bar/Cocktail,Tōkyō-to Shinjuku-ku Nishishinjuku,0.004910658125770295,-0.007023030648374062,-0.011933688774144358
air_4d71826793c09b22,435,39,0.3410543499792496,0.3410543499792496,30.14681044387877,0.19083392619896733,0.19083392619896733,13.741301314587338,304.99503541350305,SARIMA no exog,0.1885642665692372,0.1885642665692372,13.685544267299111,306.8895991950864,ARIMAX holiday only,0.18826746684231074,0.18826746684231074,13.673436097752207,308.8884949500115,ARIMAX holiday + weekend,0.19084455864877967,0.19084455864877967,13.766660040648066,306.333589392205,ARIMAX Golden Week only,0.19083194305727855,0.19083194305727855,13.741435552770682,306.9951198643758,ARIMAX reservation only,0.1893179275908334,0.1893179275908334,13.568077440167986,312.5630935251526,ARIMAX full,Japanese food,Tōkyō-to Minato-ku Shibakōen,0.15022042378028228,0.1517364223884162,0.0015159986081339227
air_05c325d315cc17f5,439,39,0.481554034562547,0.481554034562547,41.564127453257925,0.3492853955971914,0.3492853955971914,26.49761185089049,689.9895627298112,SARIMA no exog,0.34466599722317776,0.34466599722317776,25.72072839361849,685.961217891441,ARIMAX holiday only,0.34466613493416837,0.34466613493416837,25.720723136254854,687.9612181446006,ARIMAX holiday + weekend,0.3494640911479036,0.3494640911479036,26.501580649317948,690.4049440058077,ARIMAX Golden Week only,0.34928853818775485,0.34928853818775485,26.497688097321774,691.989562438926,ARIMAX reservation only,0.34501883806881084,0.34501883806881084,25.813414230269043,691.60034186374,ARIMAX full,Izakaya,Fukuoka-ken Fukuoka-shi Daimyō,0.13226863896535557,0.13653519649373613,0.004266557528380566
air_1e665503b8474c55,438,39,0.6615906330265193,0.6615906330265193,86.25682721836566,0.5076791192515204,0.5076791192515204,66.08900089818344,819.5091532909707,SARIMA no exog,0.509436276615436,0.509436276615436,65.63083887960653,820.3032909751972,ARIMAX holiday only,0.509436185728347,0.509436185728347,65.63083632905298,822.3032909775638,ARIMAX holiday + weekend,0.5073618364265939,0.5073618364265939,66.16412752130873,820.9726726456809,ARIMAX Golden Week only,0.5076791154981823,0.5076791154981823,66.08900034161857,821.5091532901299,ARIMAX reservation only,0.5089855477884904,0.5089855477884904,65.72896029489797,826.092750008855,ARIMAX full,Dining bar,Fukuoka-ken Fukuoka-shi Daimyō,0.1539115137749989,0.15260508523802896,-0.001306428536969939
air_707d4b6328f2c2df,436,39,0.8838186000094831,0.8838186000094831,112.50451940882205,0.8207506648619736,0.8207506648619736,107.73662690970363,941.0284779360024,SARIMA no exog,0.8345366318195588,0.8345366318195588,111.61769439277667,926.3190353395189,ARIMAX holiday only,0.834542213380058,0.834542213380058,111.61861637503137,928.3189817926904,ARIMAX holiday + weekend,0.821008594622314,0.821008594622314,107.58934727954035,942.2094434196638,ARIMAX Golden Week only,1.0851491736389982,1.0851491736389982,77.68262030522803,890.22270485691,ARIMAX reservation only,1.0937490370457734,1.0937490370457734,78.1650243378718,881.1314078202784,ARIMAX full,Dining bar,Tōkyō-to Shibuya-ku Shibuya,0.06306793514750952,-0.20993043703629033,-0.27299837218379985
air_7e12c5d27f44a8de,436,39,0.3492384504434921,0.3492384504434921,34.1770279029916,0.301348477728704,0.301348477728704,27.146231319986292,630.745432807221,SARIMA no exog,0.32546458980147874,0.32546458980147874,27.277642039556227,607.9708754039884,ARIMAX holiday only,0.3254829436640564,0.3254829436640564,27.278602259767908,609.9654390332832,ARIMAX holiday + weekend,0.30008380681454233,0.30008380681454233,26.869487905745604,628.614771502844,ARIMAX Golden Week only,0.3013484828451406,0.3013484828451406,27.146230143160633,632.7454328099959,ARIMAX reservation only,0.32918252576960694,0.32918252576960694,27.32446516273455,615.1335271096002,ARIMAX full,Dining bar,Tōkyō-to Setagaya-ku Setagaya,0.04788997271478812,0.020055924673885173,-0.027834048040902948
air_8093d0b565e9dbdf,434,39,0.3191531411031448,0.3191531411031448,28.589623018105986,0.282655162341493,0.282655162341493,23.654973318721815,525.3164335123229,SARIMA no exog,0.2741469906013787,0.2741469906013787,23.433622386892885,501.14434180814465,ARIMAX holiday only,0.2741464325724782,0.2741464325724782,23.43362160419536,503.14434220410885,ARIMAX holiday + weekend,0.28288791417400155,0.28288791417400155,23.58991513300232,524.3640296061949,ARIMAX Golden Week only,0.7401638944972986,0.7401638944972986,45.26274281673537,425.5799353227807,ARIMAX reservation only,0.6951619042616216,0.6951619042616216,43.31035185204016,414.6867046745592,ARIMAX full,Yakiniku/Korean food,Tōkyō-to Chūō-ku Ginza,0.036497978761651784,-0.3760087631584768,-0.4125067419201286
air_de88770300008624,438,39,0.610462971039539,0.610462971039539,80.3422253911098,0.5905736478298215,0.5905736478298215,71.48333560970325,973.4488990043448,SARIMA no exog,0.5956852792231264,0.5956852792231264,73.22771413134201,969.8786626165279,ARIMAX holiday only,0.5959547020411462,0.5959547020411462,72.37044407036606,970.0638915363553,ARIMAX holiday + weekend,0.5893638477918655,0.5893638477918655,71.74249791721677,974.6001341655352,ARIMAX Golden Week only,0.7709133065662404,0.7709133065662404,67.97036607790186,914.1650991053314,ARIMAX reservation only,0.7703635169421885,0.7703635169421885,68.38400925243694,908.420332705944,ARIMAX full,Izakaya,Niigata-ken Niigata-shi Gakkōchōdōri 1 Banchō,0.01988932320971748,-0.15990054590264957,-0.17978986911236705
air_3e6cea17a9d2c0f1,436,39,0.5828155845937469,0.5828155845937469,68.22235262369196,0.569693224639456,0.569693224639456,49.75135157248475,889.8860284537052,SARIMA no exog,0.5708513271870794,0.5708513271870794,48.743771675678005,887.3217653757017,ARIMAX holiday only,0.570745054888722,0.570745054888722,48.7428607954198,889.3215894144034,ARIMAX holiday + weekend,0.5729458454666363,0.5729458454666363,49.723700320792005,889.0118755751855,ARIMAX Golden Week only,0.6231777530272834,0.6231777530272834,50.609787608002456,858.6473309347916,ARIMAX reservation only,0.6345274500102958,0.6345274500102958,50.075769691600854,853.4970263362129,ARIMAX full,Izakaya,Hyōgo-ken Kakogawa-shi Kakogawachō Kitazaike,0.013122359954290896,-0.05171186541654882,-0.06483422537083972
air_f26f36ec4dc5adb0,439,39,0.30310967139573664,0.30310967139573664,23.779145042133926,0.24062315806000886,0.24062315806000886,18.453683905736412,784.1492392875956,SARIMA no exog,0.24792379919763763,0.24792379919763763,18.968104283031238,783.1853447667881,ARIMAX holiday only,0.24792283062896747,0.24792283062896747,18.96792721606351,785.1853473083304,ARIMAX holiday + weekend,0.24059455094975926,0.24059455094975926,18.45430906158179,781.834054608814,ARIMAX Golden Week only,0.24062277470754792,0.24062277470754792,18.453741349700152,786.1492393635656,ARIMAX reservation only,0.24544679483656334,0.24544679483656334,18.802641359139987,786.3845783301638,ARIMAX full,Izakaya,Tōkyō-to Shinjuku-ku Kabukichō,0.06248651333572777,0.05766287655917329,-0.00482363677655448
air_a55d17bd3f3033cb,436,39,1.0059565309984013,1.0059565309984013,166.6548579427241,0.7769330138226738,0.7769330138226738,111.86738010896482,791.7611343224852,SARIMA no exog,0.7861126540870957,0.7861126540870957,116.25354338474658,783.8490592681745,ARIMAX holiday only,0.7861435480254357,0.7861435480254357,116.26498816589736,785.8476923413011,ARIMAX holiday + weekend,0.7767037279932166,0.7767037279932166,111.70005656028393,793.1225586754156,ARIMAX Golden Week only,0.7779970069115186,0.7779970069115186,112.16034990332024,792.0450987135283,ARIMAX reservation only,0.787940230375166,0.787940230375166,116.93023137444938,788.257022935124,ARIMAX full,Izakaya,Miyagi-ken Sendai-shi Kamisugi,0.22902351717572755,0.2180163006232353,-0.01100721655249226
air_93b9bb641f8fc982,432,39,0.610804378534217,0.610804378534217,57.67711072188637,0.43786981650383755,0.43786981650383755,41.55701771389403,485.8954527777862,SARIMA no exog,0.4373286590417633,0.4373286590417633,41.676769631753814,486.7866137750733,ARIMAX holiday only,0.4373284934794788,0.4373284934794788,41.67679474163645,488.78661369352915,ARIMAX holiday + weekend,0.4367862257586861,0.4367862257586861,41.49823197143199,485.66999009838264,ARIMAX Golden Week only,0.43787565763858327,0.43787565763858327,41.55735356485615,487.895170936151,ARIMAX reservation only,0.43642159457881763,0.43642159457881763,41.58518426505037,491.1921392883987,ARIMAX full,Izakaya,Hyōgo-ken Takarazuka-shi Tōyōchō,0.17293456203037944,0.17438278395539936,0.0014482219250199213
air_d00161e19f08290b,437,39,0.6175594090392867,0.6175594090392867,60.359634364969686,0.4331811144645741,0.4331811144645741,44.20690767106375,923.4895014513622,SARIMA no exog,0.43067046542218346,0.43067046542218346,43.40448883208449,925.1381962992866,ARIMAX holiday only,0.4306710093162565,0.4306710093162565,43.40165948043155,927.1381950834019,ARIMAX holiday + weekend,0.4317591102983734,0.4317591102983734,43.69029964553063,923.416232166333,ARIMAX Golden Week only,0.4438817950282435,0.4438817950282435,44.75862727117655,923.3851120121351,ARIMAX reservation only,0.44221781455072634,0.44221781455072634,44.20534737458633,927.2879747616291,ARIMAX full,Dining bar,Tōkyō-to Shinjuku-ku Kabukichō,0.18437829457471266,0.1753415944885604,-0.00903670008615226
air_54d6c25d33f5260e,438,39,0.8080179604885515,0.8080179604885515,160.69803240957802,0.7362957713784338,0.7362957713784338,122.2103528774672,953.3632880809636,SARIMA no exog,0.6150777152423337,0.6150777152423337,73.56682458628187,887.5359513586252,ARIMAX holiday only,0.6150777120540217,0.6150777120540217,73.56682522591115,889.5359513564488,ARIMAX holiday + weekend,0.7364665075053418,0.7364665075053418,121.98379064694385,954.6578494611867,ARIMAX Golden Week only,0.7628431770036006,0.7628431770036006,116.64911998366011,931.1801964262045,ARIMAX reservation only,0.6213557675986229,0.6213557675986229,69.0768536478582,860.9116527245162,ARIMAX full,Izakaya,Fukuoka-ken Fukuoka-shi Shiobaru,0.07172218911011763,0.18666219288992858,0.11494000377981095
air_55c3627912b9c849,436,39,0.9343421437709444,0.9343421437709444,157.26115351575217,0.6801288595072974,0.6801288595072974,83.14743899865104,772.5479837268964,SARIMA no exog,0.6765039662802116,0.6765039662802116,83.05539868433513,774.2320151565377,ARIMAX holiday only,0.6765039632463312,0.6765039632463312,83.05525578335087,776.2320148063923,ARIMAX holiday + weekend,0.6798880212618209,0.6798880212618209,83.18044878500295,774.4745961272922,ARIMAX Golden Week only,0.6721338533301806,0.6721338533301806,61.24424447702865,746.0621270435072,ARIMAX reservation only,0.671946307567994,0.671946307567994,61.37964121875464,751.9817799279547,ARIMAX full,Italian/French,Fukuoka-ken Fukuoka-shi Hakata Ekimae,0.254213284263647,0.26239583620295037,0.008182551939303395
air_4cab15ad29c0ffbc,437,39,0.4570724104733568,0.4570724104733568,45.293026534959836,0.49967921488086714,0.49967921488086714,41.21846765631968,741.4514440760634,SARIMA no exog,0.49794996554496107,0.49794996554496107,41.21974168554659,743.2239105023459,ARIMAX holiday only,0.4979492937142712,0.4979492937142712,41.219726778790076,745.2239098130647,ARIMAX holiday + weekend,0.4993741440623771,0.4993741440623771,41.19991601087729,739.4807912775989,ARIMAX Golden Week only,0.4996792712078102,0.4996792712078102,41.218470878391386,743.451444087807,ARIMAX reservation only,0.4998927212926601,0.4998927212926601,41.1996826997773,745.4642517925387,ARIMAX full,Dining bar,Ōsaka-fu Ōsaka-shi Nakanochō,-0.04260680440751036,-0.04282031081930332,-0.00021350641179296304
air_23ee674e91469086,436,39,0.9374124722460556,0.9374124722460556,203.80846891172948,0.6593762706333913,0.6593762706333913,106.80152678810721,640.698471968288,SARIMA no exog,0.6454952741331432,0.6454952741331432,102.62948559765763,641.6782828585136,ARIMAX holiday only,0.645491262372254,0.645491262372254,102.62826436632369,643.6782825238022,ARIMAX holiday + weekend,0.6518879391407069,0.6518879391407069,104.13116501834467,640.3590422642478,ARIMAX Golden Week only,0.6594547835605926,0.6594547835605926,106.82858183065262,642.6984797197385,ARIMAX reservation only,0.6417345103386375,0.6417345103386375,101.0295518210776,645.8886184128921,ARIMAX full,Cafe/Sweets,Tōkyō-to Koganei-shi Honchō,0.2780362016126643,0.29567796190741813,0.01764176029475384
air_671b4bea84dafb67,435,39,0.6635120296269751,0.6635120296269751,107.17129834115198,0.6899757848106025,0.6899757848106025,94.49785755472291,643.2123668906011,SARIMA no exog,0.6973161518264298,0.6973161518264298,95.20130258154595,639.1228275525975,ARIMAX holiday only,0.697316265341043,0.697316265341043,95.20129774691756,641.1228275551089,ARIMAX holiday + weekend,0.690394532187952,0.690394532187952,94.53438725005861,645.0773774450681,ARIMAX Golden Week only,0.6899761146422553,0.6899761146422553,94.49787699133992,645.2123668952139,ARIMAX reservation only,0.6971239662113888,0.6971239662113888,95.19613958895835,645.0924844040733,ARIMAX full,Japanese food,Tōkyō-to Minato-ku Shibakōen,-0.026463755183627424,-0.03361193658441375,-0.007148181400786324
air_9241121af22ff1d6,435,39,0.6039395880589966,0.6039395880589966,71.19406324971902,0.5189761666731503,0.5189761666731503,45.89667981589663,650.0946420537208,SARIMA no exog,0.5176058227032718,0.5176058227032718,45.90409661464571,651.8918749625459,ARIMAX holiday only,0.5176056978946829,0.5176056978946829,45.90409013465718,653.8918749565055,ARIMAX holiday + weekend,0.5188960005554943,0.5188960005554943,45.900243310829424,651.1953744926659,ARIMAX Golden Week only,0.5184007318962749,0.5184007318962749,46.314388159534715,645.71867323672,ARIMAX reservation only,0.5403850628725666,0.5403850628725666,47.790493909737165,648.305181796531,ARIMAX full,Izakaya,Tōkyō-to Katsushika-ku Tateishi,0.08496342138584634,0.06355452518643001,-0.021408896199416327
air_c31472d14e29cee8,439,39,1.2881514399196137,1.2881514399196137,188.53170796609712,0.4681921095648569,0.4681921095648569,49.06616741689279,740.7433973319072,SARIMA no exog,0.47311087237671673,0.47311087237671673,49.94409452005446,741.6564289504315,ARIMAX holiday only,0.47311040444474084,0.47311040444474084,49.9444792677832,743.6564293644026,ARIMAX holiday + weekend,0.4679287215810063,0.4679287215810063,49.32562945953116,737.6762096495706,ARIMAX Golden Week only,0.4681951627844738,0.4681951627844738,49.06592984821968,742.7433992287117,ARIMAX reservation only,0.47749571273850977,0.47749571273850977,50.97936046675377,740.3805655777613,ARIMAX full,Cafe/Sweets,Fukuoka-ken Fukuoka-shi Daimyō,0.8199593303547568,0.8106557271811039,-0.009303603173652863
air_6cbe54f0aa30b615,436,39,0.6376610397465435,0.6376610397465435,56.78323940339145,0.5204529661170403,0.5204529661170403,45.43262689051517,881.7116623576533,SARIMA no exog,0.5157741057491115,0.5157741057491115,44.68728069166258,882.5981957826932,ARIMAX holiday only,0.5167453834634128,0.5167453834634128,44.83665643056325,884.6562207290704,ARIMAX holiday + weekend,0.5196844710781628,0.5196844710781628,45.85857761082918,882.1538897558098,ARIMAX Golden Week only,0.5664854886223213,0.5664854886223213,40.68457699286239,880.142114373398,ARIMAX reservation only,0.5578936164104414,0.5578936164104414,39.71907783247812,882.843732760346,ARIMAX full,Italian/French,Tōkyō-to Shinjuku-ku Kabukichō,0.11720807362950325,0.0797674233361021,-0.037440650293401156
air_77488fa378cf98c3,436,39,1.1120610037096017,1.1120610037096017,97.5955539767757,0.6660413733415314,0.6660413733415314,91.40686149602487,748.3208874265831,SARIMA no exog,0.6726986217564586,0.6726986217564586,92.73171245791694,751.9109039367448,ARIMAX holiday only,0.6726983601054403,0.6726983601054403,92.73165062792492,753.910904141816,ARIMAX holiday + weekend,0.6712253060367122,0.6712253060367122,92.09420356136746,752.5613068030516,ARIMAX Golden Week only,0.6660413479954732,0.6660413479954732,91.40679749692066,750.3208871404893,ARIMAX reservation only,0.6734702206805591,0.6734702206805591,92.89254893874474,756.9310354964158,ARIMAX full,Other,Tōkyō-to Suginami-ku Asagayaminami,0.44601963036807035,0.43859078302904264,-0.007428847339027711
air_a1fe8c588c8d2f30,436,39,0.9268460388843863,0.9268460388843863,89.21296886491811,0.8335726150490518,0.8335726150490518,102.47969422172328,896.451546825908,SARIMA no exog,0.8153834906598122,0.8153834906598122,99.52406599447824,877.3461619855907,ARIMAX holiday only,0.8153912942327279,0.8153912942327279,99.52402922916647,879.3461535858619,ARIMAX holiday + weekend,0.8340089425662643,0.8340089425662643,101.51658305420095,896.0848436490922,ARIMAX Golden Week only,0.8335711725071097,0.8335711725071097,102.47974616992006,898.4515856005553,ARIMAX reservation only,0.8163803744063745,0.8163803744063745,99.13590359829311,882.8617475916951,ARIMAX full,Bar/Cocktail,Fukuoka-ken Fukuoka-shi Daimyō,0.09327342383533455,0.11046566447801187,0.017192240642677326
air_a38f25e3399d1b25,436,39,1.1926501304574686,1.1926501304574686,268.1020207258926,0.9384517332715202,0.9384517332715202,128.32730413843595,1035.4129129868732,SARIMA no exog,0.9308191898887859,0.9308191898887859,131.839081578429,1010.0551580112724,ARIMAX holiday only,0.9308191717302164,0.9308191717302164,131.8390776519608,1012.0551580177444,ARIMAX holiday + weekend,0.9382815550715481,0.9382815550715481,128.46606184000868,1035.333412818749,ARIMAX Golden Week only,1.1068844575276984,1.1068844575276984,101.80302074931389,1002.6683032338057,ARIMAX reservation only,1.0822021141960312,1.0822021141960312,105.17199732772696,985.8559045573081,ARIMAX full,Izakaya,Tōkyō-to Chiyoda-ku Kudanminami,0.2541983971859484,0.11044801626143741,-0.14375038092451098
air_b1d822f75c9fc615,436,39,1.5659638739434085,1.5659638739434085,556.6698186990199,1.305560210967083,1.305560210967083,367.05731691420726,884.2968568685721,SARIMA no exog,1.307944541120569,1.307944541120569,373.06100507305075,882.1482900851274,ARIMAX holiday only,1.3079512521539352,1.3079512521539352,373.0657374520154,884.1482899944223,ARIMAX holiday + weekend,1.2841969242603768,1.2841969242603768,351.96601759644193,879.0838575599087,ARIMAX Golden Week only,1.3055602076855826,1.3055602076855826,367.0573147591298,886.2968568687531,ARIMAX reservation only,1.3083822832291205,1.3083822832291205,372.6784484722489,886.8544376566156,ARIMAX full,Cafe/Sweets,Tōkyō-to Toshima-ku Higashiikebukuro,0.26040366297632556,0.257581590714288,-0.002822072262037567
air_ef789667e2e6fe96,436,39,0.8881417187366625,0.8881417187366625,93.36842946120314,0.3899289163853142,0.3899289163853142,29.97635875133818,845.3099114331535,SARIMA no exog,0.3902406058589382,0.3902406058589382,30.916664146541695,842.3547518667932,ARIMAX holiday only,0.39026602964026463,0.39026602964026463,30.92545702805835,844.3550296463998,ARIMAX holiday + weekend,0.3893614195137733,0.3893614195137733,30.043903840348957,845.6910124453033,ARIMAX Golden Week only,0.37271216121653516,0.37271216121653516,33.548666074801055,824.656433992619,ARIMAX reservation only,0.3749195526776669,0.3749195526776669,34.7818458138182,824.9522943123695,ARIMAX full,Dining bar,Tōkyō-to Machida-shi Morino,0.4982128023513483,0.5132221660589955,0.015009363707647272
air_1c95a84924d72500,435,39,0.7578089359346362,0.7578089359346362,107.73588455417465,0.7117614107240432,0.7117614107240432,115.8681238948917,745.640983455311,SARIMA no exog,0.7117765483223817,0.7117765483223817,115.73241701765305,747.4104510462923,ARIMAX holiday only,0.7117851473734834,0.7117851473734834,115.73551465443015,749.4104468896177,ARIMAX holiday + weekend,0.7113891689303025,0.7113891689303025,115.65333285892712,745.3969209111957,ARIMAX Golden Week only,0.7117614410208982,0.7117614410208982,115.86811867120699,747.6409860409605,ARIMAX reservation only,0.7115535409235137,0.7115535409235137,115.36212696796096,750.4595320168469,ARIMAX full,Izakaya,Ōsaka-fu Higashiōsaka-shi Aramotokita,0.046047525210592966,0.04625539501112241,0.0002078698005294477
air_08ba8cd01b3ba010,439,39,0.6500072058830666,0.6500072058830666,58.86740308862034,0.4606831078741567,0.4606831078741567,52.047876920695224,676.953449874358,SARIMA no exog,0.44006535881424325,0.44006535881424325,47.69270979943306,649.8701774219494,ARIMAX holiday only,0.44006394379896063,0.44006394379896063,47.692748470891935,651.8701770592186,ARIMAX holiday + weekend,0.4613365967918878,0.4613365967918878,52.34508349729813,669.9069888479727,ARIMAX Golden Week only,0.4606650924899615,0.4606650924899615,52.037461345324644,678.9534794738661,ARIMAX reservation only,0.44128104419891917,0.44128104419891917,48.36277748607479,652.865135805979,ARIMAX full,Izakaya,Miyagi-ken Sendai-shi Kamisugi,0.18932409800890987,0.20872616168414743,0.019402063675237557
air_b60cc7d6aee68194,437,39,1.0372977561513337,1.0372977561513337,217.4958499290483,0.8842373231267731,0.8842373231267731,163.49498097009104,1001.2914472575511,SARIMA no exog,0.8637849480719362,0.8637849480719362,157.32772010408075,999.4758568580376,ARIMAX holiday only,0.8637850739492828,0.8637850739492828,157.32777114524112,1001.4758568573441,ARIMAX holiday + weekend,0.8862131730000588,0.8862131730000588,164.28574879017538,1002.2276107395086,ARIMAX Golden Week only,0.8842393925603846,0.8842393925603846,163.49588507307936,1003.2914473391656,ARIMAX reservation only,0.8662889987043332,0.8662889987043332,158.20102010222223,1005.1947018434134,ARIMAX full,Izakaya,Hiroshima-ken Hiroshima-shi Kokutaijimachi,0.15306043302456063,0.1710087574470005,0.017948324422439876
air_68301bcb11e2f389,424,39,0.5226972333564699,0.5226972333564699,53.980087269895904,0.4069942412083975,0.4069942412083975,40.642090999570556,598.5134513756415,SARIMA no exog,0.4013472098609484,0.4013472098609484,39.549661764989885,593.5576005228713,ARIMAX holiday only,0.4010999520090612,0.4010999520090612,39.49661453633021,595.5603389959285,ARIMAX holiday + weekend,0.40752816869175396,0.40752816869175396,40.82567275327765,599.4445472476185,ARIMAX Golden Week only,0.40141472663480976,0.40141472663480976,39.5390752044044,595.3209827436681,ARIMAX reservation only,0.3981912986295492,0.3981912986295492,38.85003850501443,594.6672966142758,ARIMAX full,Izakaya,Tōkyō-to Suginami-ku Asagayaminami,0.11570299214807239,0.12450593472692068,0.008802942578848283
air_3b6438b125086430,439,39,0.8484189786045504,0.8484189786045504,144.78344096570459,0.7263487255271,0.7263487255271,103.83934298611983,848.0936634669704,SARIMA no exog,0.7222730495174201,0.7222730495174201,102.71932597512459,847.6383607904493,ARIMAX holiday only,0.7233451932285514,0.7233451932285514,103.0556516613522,849.636348782591,ARIMAX holiday + weekend,0.7291279718799815,0.7291279718799815,104.73249359151788,849.9299316936452,ARIMAX Golden Week only,0.7263635204500588,0.7263635204500588,103.84410639221137,850.0936642132705,ARIMAX reservation only,0.7230164794895508,0.7230164794895508,102.94671705833171,853.5791355236106,ARIMAX full,Bar/Cocktail,Hiroshima-ken Hiroshima-shi Kokutaijimachi,0.12207025307745045,0.12540249911499957,0.0033322460375491136
air_c92745dfdd2ec68a,439,39,0.5278865786004794,0.5278865786004794,44.57392921663031,0.4668480836858235,0.4668480836858235,33.59420272349146,825.8685497959474,SARIMA no exog,0.45830594867417435,0.45830594867417435,32.539289704330194,819.1192294222154,ARIMAX holiday only,0.4582696559180518,0.4582696559180518,32.538149391775576,821.119177305446,ARIMAX holiday + weekend,0.47366149444817535,0.47366149444817535,33.969768262187955,831.1640150291936,ARIMAX Golden Week only,0.4668013717775312,0.4668013717775312,33.59302477345669,827.8685470953617,ARIMAX reservation only,0.4629325964320319,0.4629325964320319,32.745146902226466,829.6831577148524,ARIMAX full,Bar/Cocktail,Tōkyō-to Setagaya-ku Setagaya,0.061038494914655905,0.0649539821684475,0.003915487253791594
air_db4b38ebe7a7ceff,439,39,0.6244105982882246,0.6244105982882246,69.54237248657692,0.6706245999096913,0.6706245999096913,53.86633777299844,919.1337392507895,SARIMA no exog,0.6686731286210433,0.6686731286210433,53.86052069712871,920.656976092388,ARIMAX holiday only,0.6686734273112235,0.6686734273112235,53.86060145531674,922.6569759615754,ARIMAX holiday + weekend,0.6696749426795784,0.6696749426795784,53.880522996036575,920.7389258279266,ARIMAX Golden Week only,0.8500489745952968,0.8500489745952968,58.46882625791634,862.4178210134302,ARIMAX reservation only,0.8502717009693959,0.8502717009693959,58.53669194449216,867.4294923780251,ARIMAX full,Dining bar,Ōsaka-fu Ōsaka-shi Shinmachi,-0.046214001621466605,-0.2258611026811712,-0.1796471010597046
air_2634e41551e9807d,436,39,0.5546944602256517,0.5546944602256517,62.56811232590156,0.6370255082368361,0.6370255082368361,51.45266118013343,815.6466014419324,SARIMA no exog,0.6166280522528256,0.6166280522528256,49.145401053311986,783.1756198335604,ARIMAX holiday only,0.616439905075424,0.616439905075424,49.12180245763672,785.1915461604573,ARIMAX holiday + weekend,0.6363081336216647,0.6363081336216647,51.56639271112458,814.9238224761488,ARIMAX Golden Week only,0.6370425778169224,0.6370425778169224,51.45019647157783,817.6465916739224,ARIMAX reservation only,0.6160549110648653,0.6160549110648653,49.21318310718999,789.1781096668669,ARIMAX full,Izakaya,Tōkyō-to Shinjuku-ku Kabukichō,-0.0823310480111844,-0.0613604508392136,0.020970597171970806
air_9438d67241c81314,436,39,0.8633208894267473,0.8633208894267473,112.86010635101044,0.798420800232933,0.798420800232933,107.26405967662089,894.5371262591618,SARIMA no exog,0.7786289409824464,0.7786289409824464,93.17801679342843,895.3718189636973,ARIMAX holiday only,0.7786289362594586,0.7786289362594586,93.17804499662654,897.3718189566498,ARIMAX holiday + weekend,0.8065639801246388,0.8065639801246388,108.37308045209309,894.9917522943927,ARIMAX Golden Week only,0.7984142453645923,0.7984142453645923,107.26601628240134,896.537133786858,ARIMAX reservation only,0.7865245622675489,0.7865245622675489,95.92478153964848,899.1694893493892,ARIMAX full,Italian/French,Fukuoka-ken Fukuoka-shi Daimyō,0.06490008919381429,0.07679632715919849,0.011896237965384193
air_399904bdb7685ca0,435,39,1.7353088754473665,1.7353088754473665,294.98661899884877,0.9649398550404532,0.9649398550404532,242.3536369033045,1133.0797084857447,SARIMA no exog,0.9733233806105195,0.9733233806105195,247.40159927552932,1134.0313240658033,ARIMAX holiday only,0.9733240205994694,0.9733240205994694,247.40189915287937,1136.0313281885908,ARIMAX holiday + weekend,0.9640946992894818,0.9640946992894818,241.7294550623095,1134.522164337393,ARIMAX Golden Week only,0.9103474910272674,0.9103474910272674,171.23721964803872,1121.0859684808254,ARIMAX reservation only,0.9133206026947956,0.9133206026947956,174.17927870974,1125.9946602973978,ARIMAX full,Italian/French,Ōsaka-fu Ōsaka-shi Kyūtarōmachi,0.7703690204069132,0.8219882727525708,0.05161925234565756
air_61de73b097513f58,435,39,0.8753812787006103,0.8753812787006103,116.2931477354554,0.6154676916557438,0.6154676916557438,77.74366840667099,737.1456742967987,SARIMA no exog,0.6114037985469539,0.6114037985469539,77.0706337955523,738.923833879373,ARIMAX holiday only,0.6114585247561316,0.6114585247561316,77.13446969261642,740.9170072395543,ARIMAX holiday + weekend,0.613060710057617,0.613060710057617,75.90723791203443,736.8629198965991,ARIMAX Golden Week only,0.6153901272426162,0.6153901272426162,77.70770032023523,739.1355979326781,ARIMAX reservation only,0.6077894201766688,0.6077894201766688,76.67797669119678,743.1158834327748,ARIMAX full,Bar/Cocktail,Tōkyō-to Toshima-ku Nishiikebukuro,0.25991358704486656,0.2675918585239415,0.007678271479074961
air_fab092c35776a9b1,439,39,0.6868588750911623,0.6868588750911623,85.31005737923536,0.5421960549214253,0.5421960549214253,59.48243761870111,800.3246800683626,SARIMA no exog,0.5433021773186391,0.5433021773186391,59.79088755647073,797.8304239504532,ARIMAX holiday only,0.543302240637598,0.543302240637598,59.79323781697057,799.8304230965771,ARIMAX holiday + weekend,0.5420575672912635,0.5420575672912635,59.485214780496435,800.5195839356948,ARIMAX Golden Week only,0.5421960525699429,0.5421960525699429,59.482438975221676,802.3246800697269,ARIMAX reservation only,0.5429531589796094,0.5429531589796094,59.73842118920726,803.2211701632148,ARIMAX full,Cafe/Sweets,Fukuoka-ken Fukuoka-shi Momochi,0.14466282016973697,0.1439057161115529,-0.0007571040581840771
air_63b13c56b7201bd9,438,39,1.7868850911449403,1.7868850911449403,555.6353474474042,1.483919828385514,1.483919828385514,506.40425088134674,882.5753304522875,SARIMA no exog,1.4967038452516472,1.4967038452516472,515.5432879688502,881.4287774110235,ARIMAX holiday only,1.4967038519039277,1.4967038519039277,515.5432954343786,883.4287774147001,ARIMAX holiday + weekend,1.4871258433855399,1.4871258433855399,509.2123045656564,877.6663727529562,ARIMAX Golden Week only,1.3463067881331334,1.3463067881331334,401.39821818930193,874.705797350897,ARIMAX reservation only,1.3634978178883246,1.3634978178883246,413.36027948225916,873.2531967501069,ARIMAX full,Cafe/Sweets,Fukuoka-ken Fukuoka-shi Daimyō,0.30296526275942637,0.42338727325661574,0.12042201049718937
air_79afb3f52b4d062c,436,39,0.5532633488693104,0.5532633488693104,57.46758951623205,0.48951249759063836,0.48951249759063836,52.568828910371245,712.0101806805598,SARIMA no exog,0.48955547966125157,0.48955547966125157,52.575980606436644,714.0099575715657,ARIMAX holiday only,0.48893694232252544,0.48893694232252544,52.50373993513339,716.0341126307345,ARIMAX holiday + weekend,0.4894432562751387,0.4894432562751387,52.470266832370626,712.3675753939582,ARIMAX Golden Week only,0.48951243970431624,0.48951243970431624,52.569294640985895,714.0101826736563,ARIMAX reservation only,0.4908842637042528,0.4908842637042528,52.622773156739186,718.25217364437,ARIMAX full,Bar/Cocktail,Ōsaka-fu Neyagawa-shi Honmachi,0.06375085127867203,0.06237908516505758,-0.0013717661136144477
air_c9ed65554b6edffb,436,39,0.5260432959255101,0.5260432959255101,50.23354109392193,0.479664030272301,0.479664030272301,45.08069492002946,914.364816237972,SARIMA no exog,0.4795755493474298,0.4795755493474298,45.097713212351806,916.3636437092289,ARIMAX holiday only,0.47957553935049,0.47957553935049,45.09771276339378,918.3636437135606,ARIMAX holiday + weekend,0.4786159984718594,0.4786159984718594,45.17153506406238,913.5110241722402,ARIMAX Golden Week only,0.47966328824735455,0.47966328824735455,45.08062086141403,916.3647934668865,ARIMAX reservation only,0.4774294691483134,0.4774294691483134,45.44401067358038,919.2714277963164,ARIMAX full,Cafe/Sweets,Fukuoka-ken Fukuoka-shi Daimyō,0.046379265653209156,0.04861382677719672,0.0022345611239875662
air_c225148c0fcc5c72,438,39,1.0854810069841074,1.0854810069841074,322.23442137551916,1.0595131602744146,1.0595131602744146,299.16044046483415,938.8759268579289,SARIMA no exog,1.0557459196520267,1.0557459196520267,298.77724676243537,928.3078656819332,ARIMAX holiday only,1.0557472328433726,1.0557472328433726,298.7784581281522,930.3078728653935,ARIMAX holiday + weekend,1.0561073531494993,1.0561073531494993,295.6821422060162,928.0148102477725,ARIMAX Golden Week only,1.0594832514950885,1.0594832514950885,303.41977328960115,928.7835357936262,ARIMAX reservation only,1.0548305181789197,1.0548305181789197,299.6932840424355,915.5781853932023,ARIMAX full,Cafe/Sweets,Hyōgo-ken Kōbe-shi Kumoidōri,0.025967846709692877,0.030650488805187726,0.004682642095494849
air_9f277fb7a2c1d842,437,39,0.7873776394510013,0.7873776394510013,97.8831344277439,0.7661427266799123,0.7661427266799123,69.62302644656378,1070.2699229485538,SARIMA no exog,0.7737705920657342,0.7737705920657342,69.56497607322042,1068.7381625163166,ARIMAX holiday only,0.7737733544486466,0.7737733544486466,69.56481804304198,1070.7381624565487,ARIMAX holiday + weekend,0.7686936569332611,0.7686936569332611,69.51704983270233,1071.9198973783664,ARIMAX Golden Week only,0.7661427189103177,0.7661427189103177,69.62302677749092,1072.2699229487434,ARIMAX reservation only,0.7732845715909804,0.7732845715909804,69.79141241391495,1069.7282215157138,ARIMAX full,Dining bar,Tōkyō-to Shibuya-ku Shibuya,0.02123491277108891,0.014093067860020847,-0.007141844911068063
air_a8533b7a992bb0ca,434,39,0.4750009819786745,0.4750009819786745,53.52125074532679,0.5921141202530269,0.5921141202530269,74.99009608165488,869.8413392962245,SARIMA no exog,0.6000737193284649,0.6000737193284649,77.77899018985485,860.2442864041011,ARIMAX holiday only,0.600073717107452,0.600073717107452,77.77898984476543,862.2442864036512,ARIMAX holiday + weekend,0.5902167944992607,0.5902167944992607,74.5851528435477,860.3604416633223,ARIMAX Golden Week only,0.5921141239726161,0.5921141239726161,74.99009676344953,871.8413392966481,ARIMAX reservation only,0.5963852050130447,0.5963852050130447,76.93422807359752,859.6672625508693,ARIMAX full,Cafe/Sweets,Tōkyō-to Shibuya-ku Shibuya,-0.11711313827435238,-0.12138422303437019,-0.004271084760017807
air_6c952e3c6e590945,425,39,0.4941048966655251,0.4941048966655251,40.24832005618191,0.5245233391812159,0.5245233391812159,44.30483181423159,785.797923886898,SARIMA no exog,0.5294906442321543,0.5294906442321543,44.29842382583761,781.9762021302408,ARIMAX holiday only,0.529490634184589,0.529490634184589,44.298424723913044,783.9762021161538,ARIMAX holiday + weekend,0.5236785853042151,0.5236785853042151,44.2780543970933,787.3868324015422,ARIMAX Golden Week only,0.5245233214129236,0.5245233214129236,44.30482996988877,787.7979238835442,ARIMAX reservation only,0.5293264732467511,0.5293264732467511,44.30600826849019,785.855360077248,ARIMAX full,Yakiniku/Korean food,Miyagi-ken Sendai-shi Kamisugi,-0.030418442515690758,-0.03522157658122599,-0.004803134065535231
air_3bb99a1fe0583897,438,39,0.9650936134385272,0.9650936134385272,112.65028642864621,0.9668908295428459,0.9668908295428459,145.62722236869442,907.568645362138,SARIMA no exog,0.9148427977939126,0.9148427977939126,120.66608889726515,881.7558770545502,ARIMAX holiday only,0.9148427776173695,0.9148427776173695,120.66608044860875,883.7558770538244,ARIMAX holiday + weekend,0.9666905527225629,0.9666905527225629,145.4774986666205,909.2084312689093,ARIMAX Golden Week only,1.183223669801993,1.183223669801993,109.51295777924877,818.2238630925058,ARIMAX reservation only,1.1220122289824737,1.1220122289824737,98.61996808054599,806.2293151038132,ARIMAX full,Izakaya,Miyagi-ken Sendai-shi Kamisugi,-0.0017972161043187107,-0.15691861554394648,-0.15512139943962777
air_aa0049fe3cc6f4d6,436,39,0.5405958828778017,0.5405958828778017,69.9500277813282,0.4155077534758766,0.4155077534758766,42.14831573083457,811.820048094327,SARIMA no exog,0.41100580294325706,0.41100580294325706,41.90794324423072,812.8831894198781,ARIMAX holiday only,0.41100578107867725,0.41100578107867725,41.907991146839194,814.8831894017256,ARIMAX holiday + weekend,0.415310184872564,0.415310184872564,42.49060526543529,811.0051178550532,ARIMAX Golden Week only,0.4155077553787749,0.4155077553787749,42.14831753030918,813.820048093598,ARIMAX reservation only,0.41269945349783516,0.41269945349783516,42.334432289993,816.7330589228595,ARIMAX full,Bar/Cocktail,Tōkyō-to Shibuya-ku Shibuya,0.1250881294019251,0.12789642937996654,0.0028082999780414397
air_db80363d35f10926,439,39,1.0649523086197508,1.0649523086197508,207.81150716150907,1.0088948642964055,1.0088948642964055,160.41943887911694,1180.214126890273,SARIMA no exog,1.0019288303729468,1.0019288303729468,157.62750839389145,1160.8375532816492,ARIMAX holiday only,1.0019312276693249,1.0019312276693249,157.62895868957995,1162.8375599935039,ARIMAX holiday + weekend,1.009742930070994,1.009742930070994,161.13954445679565,1179.9612002214583,ARIMAX Golden Week only,0.9433085759113485,0.9433085759113485,100.16401761958247,1102.3476134782861,ARIMAX reservation only,0.9172669340342018,0.9172669340342018,106.08370005218416,1093.6918083201765,ARIMAX full,Dining bar,Hokkaidō Asahikawa-shi 6 Jōdōri,0.05605744432334525,0.14768537458554898,0.09162793026220373
air_1e23210b584540e7,438,39,0.6779136157170057,0.6779136157170057,88.79019129019132,0.4805658349839157,0.4805658349839157,58.29572673353548,1148.0873597298937,SARIMA no exog,0.4824378101001955,0.4824378101001955,58.43791332640392,1149.9894942060514,ARIMAX holiday only,0.48243781200676056,0.48243781200676056,58.43791338376011,1151.989494205835,ARIMAX holiday + weekend,0.4805511747515523,0.4805511747515523,58.30007968363764,1150.0537512375731,ARIMAX Golden Week only,0.4805658375998174,0.4805658375998174,58.29572435079753,1150.087359731002,ARIMAX reservation only,0.4828728123087969,0.4828728123087969,58.47556243233496,1155.9152078706998,ARIMAX full,Dining bar,Tōkyō-to Shinjuku-ku Kabukichō,0.19734778073309,0.19504080340820878,-0.002306977324881221
air_4f762e840b3996e1,435,39,0.6923338587001548,0.6923338587001548,76.64082239912021,0.5674890708531796,0.5674890708531796,57.445731827777514,1037.4114900798975,SARIMA no exog,0.5662111620223838,0.5662111620223838,56.73420348657806,1037.9979263617151,ARIMAX holiday only,0.5662111602878505,0.5662111602878505,56.73420303191663,1039.997926359967,ARIMAX holiday + weekend,0.5670286408822479,0.5670286408822479,57.564161110431876,1037.0698324252471,ARIMAX Golden Week only,0.567489072871961,0.567489072871961,57.44573189583937,1039.4114900808745,ARIMAX reservation only,0.5659825800598046,0.5659825800598046,57.054762282574245,1042.462082062806,ARIMAX full,Bar/Cocktail,Tōkyō-to Setagaya-ku Setagaya,0.12484478784697528,0.12635127864035023,0.0015064907933749483
air_d0a1e69685259c92,439,39,0.7319057895424586,0.7319057895424586,155.57768486483556,0.7682390779178204,0.7682390779178204,172.28661978556426,976.8479633351486,SARIMA no exog,0.7669149288615011,0.7669149288615011,165.89663563915812,974.3114185865612,ARIMAX holiday only,0.7669063363668045,0.7669063363668045,165.8951395018516,976.3114192721689,ARIMAX holiday + weekend,0.7685203615050945,0.7685203615050945,172.4486488793175,978.4245833410971,ARIMAX Golden Week only,0.7682391081522653,0.7682391081522653,172.28663809307028,978.8479633361824,ARIMAX reservation only,0.776294569885845,0.776294569885845,170.37962213455899,982.6180652635021,ARIMAX full,Creative cuisine,Tōkyō-to Shinjuku-ku Kabukichō,-0.03633328837536187,-0.04438878034338645,-0.008055491968024575
air_506fe758114df773,439,39,0.9826195673721384,0.9826195673721384,72.32809026763645,0.7569869481399404,0.7569869481399404,65.32877680674393,945.2478890850687,SARIMA no exog,0.6885287310936898,0.6885287310936898,61.727058186437475,870.0820399544821,ARIMAX holiday only,0.6885400284126487,0.6885400284126487,61.72808365619067,872.0820383674084,ARIMAX holiday + weekend,0.7650874427722669,0.7650874427722669,64.7502313506161,943.5592299568067,ARIMAX Golden Week only,0.7569870171959178,0.7569870171959178,65.32876133063291,947.2478890845532,ARIMAX reservation only,0.6853607423569985,0.6853607423569985,61.79416619567913,875.7675760200719,ARIMAX full,Italian/French,Tōkyō-to Setagaya-ku Setagaya,0.22563261923219802,0.2972588250151399,0.07162620578294188
air_35c4732dcbfe31be,439,39,0.8025282412717705,0.8025282412717705,117.55575620960236,0.7493195179399263,0.7493195179399263,95.04733723054758,866.8192980897263,SARIMA no exog,0.7552580049774162,0.7552580049774162,96.16173225769428,863.2711762349238,ARIMAX holiday only,0.755925360844118,0.755925360844118,94.43455117039099,871.093683662956,ARIMAX holiday + weekend,0.7507219354356109,0.7507219354356109,94.00578905722014,871.8093009460889,ARIMAX Golden Week only,0.7493247677856509,0.7493247677856509,95.03562269016504,868.8194093957782,ARIMAX reservation only,0.7551043512928068,0.7551043512928068,94.56320506278303,874.2919915213719,ARIMAX full,Dining bar,Hyōgo-ken Kōbe-shi Kumoidōri,0.05320872333184412,0.04742388997896363,-0.005784833352880492
air_abf06fcca748dca5,433,39,0.6684371453957728,0.6684371453957728,76.62992780639838,0.6443884247360199,0.6443884247360199,67.95758354617955,936.612632915289,SARIMA no exog,0.6209917774146082,0.6209917774146082,68.96302336416771,916.0216133624976,ARIMAX holiday only,0.6209916500392723,0.6209916500392723,68.96298551445665,918.0216136058971,ARIMAX holiday + weekend,0.6483828081539796,0.6483828081539796,68.57323726654279,927.0576701528129,ARIMAX Golden Week only,0.6443881090927462,0.6443881090927461,67.95753881851752,938.6126329503956,ARIMAX reservation only,0.6219059112907124,0.6219059112907124,69.11234529579956,921.767003061853,ARIMAX full,Bar/Cocktail,Fukuoka-ken Fukuoka-shi Daimyō,0.024048720659752942,0.04653123410506044,0.022482513445307495
air_dfad598ff642dab7,438,39,1.9211521864248837,1.9211521864248837,277.83794400224997,1.0871580705066775,1.0871580705066775,156.18127610928562,1139.5873208954677,SARIMA no exog,1.0826926905681535,1.0826926905681535,155.69428564464542,1141.0594473906756,ARIMAX holiday only,1.082763466943817,1.082763466943817,155.685343040018,1143.0593263620208,ARIMAX holiday + weekend,1.087910769658549,1.087910769658549,156.32070743134784,1141.114418077985,ARIMAX Golden Week only,1.0871581659901677,1.0871581659901677,156.1813319116077,1141.5873219541613,ARIMAX reservation only,1.0837844637319785,1.0837844637319785,156.01304311510813,1146.804264972666,ARIMAX full,Yakiniku/Korean food,Hokkaidō Abashiri-shi Minami 6 Jōhigashi,0.8339941159182063,0.8373677226929053,0.0033736067746990006
air_901925b628677c2e,437,39,1.0333436356062804,1.0333436356062804,81.46338644736079,0.6307062327364834,0.6307062327364834,62.54995395807905,1045.100055452347,SARIMA no exog,0.6248524471563244,0.6248524471563244,61.26951063302434,1040.3582173975385,ARIMAX holiday only,0.6248504252047217,0.6248504252047217,61.270216118204644,1042.3582184327395,ARIMAX holiday + weekend,0.6297252935837825,0.6297252935837825,62.65641869774966,1040.2489945305776,ARIMAX Golden Week only,0.6307060838072011,0.6307060838072011,62.5499619923063,1047.100055805388,ARIMAX reservation only,0.6255574876975516,0.6255574876975516,61.785849217434354,1042.0808791131951,ARIMAX full,Dining bar,Fukuoka-ken Fukuoka-shi Daimyō,0.402637402869797,0.4077861479087288,0.005148745038931812
air_622375b4815cf5cb,436,39,1.3761499263390626,1.3761499263390626,290.4764565268683,0.9887348304571132,0.9887348304571132,155.75738282775032,1171.4445032262577,SARIMA no exog,0.9883552005746985,0.9883552005746985,156.68157385059766,1172.677506002548,ARIMAX holiday only,0.9883529944496618,0.9883529944496618,156.6797534210158,1174.6775065956372,ARIMAX holiday + weekend,0.9904521855440515,0.9904521855440515,156.84369910202355,1170.760885746355,ARIMAX Golden Week only,0.9931473862890933,0.9931473862890933,131.8216467393547,1151.8486257435925,ARIMAX reservation only,0.9911754564623789,0.9911754564623789,131.55533602717924,1154.1886177298625,ARIMAX full,Izakaya,Fukuoka-ken Kitakyūshū-shi None,0.38741509588194945,0.3849744698766837,-0.0024406260052657336
air_e88bbe2ede3467aa,436,39,0.7513577995872687,0.7513577995872687,109.36881631940263,0.8221175052476368,0.8221175052476368,80.93153415817532,1036.8833660093924,SARIMA no exog,0.7848694224071424,0.7848694224071424,69.21539770796595,1034.1681154558764,ARIMAX holiday only,0.7848694099039044,0.7848694099039044,69.21538216697508,1036.168115453363,ARIMAX holiday + weekend,0.8235388111324706,0.8235388111324706,80.90144655734893,1032.7565398805423,ARIMAX Golden Week only,0.8221174971952361,0.8221174971952361,80.93153326157334,1038.8833660069777,ARIMAX reservation only,0.7949966003118617,0.7949966003118617,71.73023240018763,1036.166746243678,ARIMAX full,Izakaya,Hyōgo-ken Kōbe-shi Sumiyoshi Higashimachi,-0.07075970566036816,-0.04363880072459303,0.027120904935775125
air_d138b593ebda55cc,435,39,0.5826663028103831,0.5826663028103831,68.53581603581603,0.363059650814113,0.363059650814113,36.50378593266872,715.5784931951852,SARIMA no exog,0.32604285435103536,0.32604285435103536,36.27539179953626,692.7699481204047,ARIMAX holiday only,0.326042711916806,0.326042711916806,36.27533492707309,694.7699481198908,ARIMAX holiday + weekend,0.36259898086320264,0.36259898086320264,36.486635879521586,712.3353864847234,ARIMAX Golden Week only,0.3630595555043017,0.3630595555043017,36.50377916055347,717.5784932325739,ARIMAX reservation only,0.33470063748554685,0.33470063748554685,38.08792106865706,696.3822637733335,ARIMAX full,Bar/Cocktail,Fukuoka-ken Fukuoka-shi Daimyō,0.2196066519962701,0.24796566532483627,0.028359013328566163
air_bdd32aa407c16335,437,39,0.9102611287285608,0.9102611287285608,63.156128615106944,0.6736241136961477,0.6736241136961477,38.823958482658355,928.6676360070217,SARIMA no exog,0.6600225318653679,0.6600225318653679,36.927615657948,919.7995542395463,ARIMAX holiday only,0.6600225374495302,0.6600225374495302,36.927615909071754,921.7995542392993,ARIMAX holiday + weekend,0.6738533284070063,0.6738533284070063,38.82642292993649,930.6317768079314,ARIMAX Golden Week only,0.6736240796763816,0.6736240796763816,38.82395714545678,930.667636008508,ARIMAX reservation only,0.6585767915654274,0.6585767915654274,36.83225609984977,925.2777392919794,ARIMAX full,Creative cuisine,Fukuoka-ken Fukuoka-shi Daimyō,0.23663701503241308,0.25168433716313343,0.015047322130720353
air_298513175efdf261,439,39,0.5559560424784836,0.5559560424784836,68.0956252774699,0.48328554032997983,0.48328554032997983,30.748033490352945,888.2103194611401,SARIMA no exog,0.48321247631368847,0.48321247631368847,30.746271350872696,890.2084321218172,ARIMAX holiday only,0.48321243436900213,0.48321243436900213,30.746268874139655,892.2084321226403,ARIMAX holiday + weekend,0.48290499078643084,0.48290499078643084,30.854513273379975,888.6841067508965,ARIMAX Golden Week only,0.4832855472267962,0.4832855472267962,30.74803429040348,890.2103194600236,ARIMAX reservation only,0.4823099784860952,0.4823099784860952,30.86998274578369,894.5411069320526,ARIMAX full,Cafe/Sweets,Fukuoka-ken Fukuoka-shi Torikai,0.07267050214850379,0.07364606399238843,0.0009755618438846425
air_ab3ae0e410b20069,433,39,0.7365578444192413,0.7365578444192413,133.24238033522587,0.5820538304935405,0.5820538304935405,81.55428350722252,964.3130501003684,SARIMA no exog,0.5979947487257958,0.5979947487257958,77.36728046912533,912.4773354294482,ARIMAX holiday only,0.5979977529534491,0.5979977529534491,77.367142115007,914.4773368902601,ARIMAX holiday + weekend,0.5866441332022376,0.5866441332022376,80.2527413477717,948.1322971721107,ARIMAX Golden Week only,0.7228519906886598,0.7228519906886598,67.55710397106796,943.2170000835793,ARIMAX reservation only,0.777474532649122,0.777474532649122,67.08471627156985,876.6868893252474,ARIMAX full,Dining bar,Tōkyō-to Shibuya-ku Shibuya,0.1545040139257008,-0.040916688229880704,-0.1954207021555815
air_efc80d3f96b3aff7,439,39,0.8811111174946538,0.8811111174946538,152.03178354285757,0.808314442086417,0.808314442086417,123.87185469254105,831.3367381889425,SARIMA no exog,0.8125678336967225,0.8125678336967225,124.68055377598037,826.3979093149469,ARIMAX holiday only,0.812567840866514,0.812567840866514,124.6805555251533,828.397909316536,ARIMAX holiday + weekend,0.8071351076158496,0.8071351076158496,123.45697792489811,824.9178314863946,ARIMAX Golden Week only,0.8083144428970684,0.8083144428970684,123.87185496260658,833.3367381891437,ARIMAX reservation only,0.81026888640866,0.81026888640866,124.14310153417935,826.9653040693297,ARIMAX full,Other,Tōkyō-to Suginami-ku Asagayaminami,0.07279667540823676,0.07084223108599375,-0.0019544443222430097
air_234d3dbf7f3d5a50,435,39,0.6317986501166821,0.6317986501166821,83.96646549361483,0.4924491385743785,0.4924491385743785,62.69047922196146,802.5093008558799,SARIMA no exog,0.4881708725169662,0.4881708725169662,62.474314746203405,803.4781401258713,ARIMAX holiday only,0.4881709852969926,0.4881709852969926,62.474361226277466,805.478140161609,ARIMAX holiday + weekend,0.49793543674617463,0.49793543674617463,65.16535891461068,800.8910715950242,ARIMAX Golden Week only,0.49230645847265764,0.49230645847265764,62.682607619790446,803.2521966524935,ARIMAX reservation only,0.49422129981894947,0.49422129981894947,64.58780606767931,805.9207501823162,ARIMAX full,Dining bar,Tōkyō-to Machida-shi Morino,0.13934951154230363,0.13757735029773266,-0.001772161244570969
air_63a88d81295195ed,435,39,1.2035389277675397,1.2035389277675397,178.50409150339738,0.8389255698811388,0.8389255698811388,89.16199023809668,1205.0547096928108,SARIMA no exog,0.7875986344929813,0.7875986344929813,77.37296574845381,1197.3725556643024,ARIMAX holiday only,0.7890310041049662,0.7890310041049662,77.96171871188942,1199.3199797635732,ARIMAX holiday + weekend,0.8270711990568477,0.8270711990568477,84.97338294555034,1201.1026151521799,ARIMAX Golden Week only,0.8389296166737942,0.8389296166737942,89.16368769386031,1207.054709776739,ARIMAX reservation only,0.7918104747417022,0.7918104747417022,78.14030316514774,1203.451228583513,ARIMAX full,Izakaya,Hyōgo-ken Kōbe-shi Kumoidōri,0.3646133578864009,0.4117284530258375,0.04711509513943657
air_4570f52104fe0982,432,39,0.8455815852788467,0.8455815852788467,132.90501521270755,0.5712007364155005,0.5712007364155005,67.75733670882123,898.6358036549568,SARIMA no exog,0.5540474379036395,0.5540474379036395,64.93295461026723,896.8645131183359,ARIMAX holiday only,0.5542175436773819,0.5542175436773819,64.99203677779084,898.8635812046936,ARIMAX holiday + weekend,0.5682128092362186,0.5682128092362186,66.85283657314855,896.1622748926748,ARIMAX Golden Week only,0.5763770918522375,0.5763770918522375,68.8610229736043,893.6325842139498,ARIMAX reservation only,0.5498937258832887,0.5498937258832887,63.910338388888654,887.7969614954352,ARIMAX full,Izakaya,Tōkyō-to Kōtō-ku Kameido,0.27438084886334624,0.2956878593955581,0.021307010532211845
air_48e9fc98b62495a7,437,39,1.24280853242153,1.24280853242153,245.630840183675,1.0759512237935207,1.0759512237935207,197.9431928230746,1137.9356917287473,SARIMA no exog,1.0786941471952092,1.0786941471952092,197.85232840714656,1139.662869425047,ARIMAX holiday only,1.0786941836756125,1.0786941836756125,197.85237688636448,1141.6628694326682,ARIMAX holiday + weekend,1.0787479456453448,1.0787479456453448,201.00012816006637,1137.904299612472,ARIMAX Golden Week only,1.074208641241437,1.074208641241437,195.11613551561237,1137.48014991604,ARIMAX reservation only,1.082568522275772,1.082568522275772,197.73892888248275,1140.27920986783,ARIMAX full,Izakaya,Ōsaka-fu Ōsaka-shi Ōgimachi,0.1668573086280094,0.16024001014575817,-0.006617298482251233
air_5c65468938c07fa5,439,39,1.246251103454826,1.246251103454826,266.12462349921657,0.7947428166993737,0.7947428166993737,109.13124762335953,999.2153414991222,SARIMA no exog,0.7929707154883449,0.7929707154883449,109.12033800899856,1001.0294431731497,ARIMAX holiday only,0.7929707998450928,0.7929707998450928,109.12041304204396,1003.0294431738939,ARIMAX holiday + weekend,0.7940981362278996,0.7940981362278996,108.5624317941844,1000.455375617573,ARIMAX Golden Week only,0.7947429989060842,0.7947429989060842,109.13137279405551,1001.2153415362086,ARIMAX reservation only,0.7933642816179591,0.7933642816179591,108.59138770266273,1006.4252787869027,ARIMAX full,Other,Tōkyō-to Shibuya-ku Shibuya,0.4515082867554523,0.4528868218368669,0.0013785350814146113
air_326ca454ef3558bc,438,39,0.6632242962309401,0.6632242962309401,95.56938147856445,0.6520432505638422,0.6520432505638422,84.65945546846481,1176.560809036371,SARIMA no exog,0.6245432225768071,0.6245432225768071,82.34627822048908,1168.066997911611,ARIMAX holiday only,0.6245402219332785,0.6245402219332785,82.34726817810567,1170.0669978370088,ARIMAX holiday + weekend,0.6504401144684029,0.6504401144684029,84.6726887708503,1174.279934629454,ARIMAX Golden Week only,1.283617306619038,1.283617306619038,68.7100388223387,984.8639656057364,ARIMAX reservation only,1.2539464317234026,1.2539464317234026,67.90557697826219,981.9077795502742,ARIMAX full,Izakaya,Shizuoka-ken Shizuoka-shi Ōtemachi,0.011181045667097989,-0.5907221354924624,-0.6019031811595604
air_70e9e8cd55879414,439,39,0.7598302209082767,0.7598302209082767,80.24224873236541,0.6826841243465362,0.6826841243465362,95.48372110237455,1001.7676649662985,SARIMA no exog,0.6940938166389367,0.6940938166389367,96.84886884019394,999.8875207513745,ARIMAX holiday only,0.6940937951499297,0.6940937951499297,96.84886527293017,1001.8875207520473,ARIMAX holiday + weekend,0.6826769976724847,0.6826769976724847,95.48775961807235,1003.7662891378347,ARIMAX Golden Week only,0.6695469329562352,0.6695469329562352,88.6698555427825,996.5845946074318,ARIMAX reservation only,0.6823123708437381,0.6823123708437381,93.521111833178,998.5291116992727,ARIMAX full,Bar/Cocktail,Tōkyō-to Shibuya-ku Dōgenzaka,0.07714609656174043,0.0775178500645386,0.00037175350279816666
air_87f9e1024b951f01,439,39,1.4568592625116052,1.4568592625116052,262.50163355515815,0.9455964020964402,0.9455964020964402,135.37054040334345,1072.48855421664,SARIMA no exog,0.9402903268508568,0.9402903268508568,131.560260458966,1064.7488070781278,ARIMAX holiday only,0.9402901361987708,0.9402901361987708,131.56013872868638,1066.7488071038965,ARIMAX holiday + weekend,0.9497775898286589,0.9497775898286589,137.2587362417335,1075.6839219059054,ARIMAX Golden Week only,0.9355934545177893,0.9355934545177893,136.47555631747917,1066.0996104602805,ARIMAX reservation only,0.9264784594532293,0.9264784594532293,132.6733841572759,1055.2083929683897,ARIMAX full,Dining bar,Fukuoka-ken Kurume-shi Jōnanmachi,0.511262860415165,0.530380803058376,0.019117942643210983
air_7c7774c66fb237f7,434,39,0.790896357776164,0.790896357776164,161.51834119326378,0.46165792964473085,0.46165792964473085,57.19054220688214,834.4901599263035,SARIMA no exog,0.461629002920518,0.461629002920518,57.08793630169555,836.3011604952569,ARIMAX holiday only,0.46162907405435377,0.46162907405435377,57.08796225784776,838.301160521256,ARIMAX holiday + weekend,0.46081109406474036,0.46081109406474036,56.677854667876545,836.3367598085413,ARIMAX Golden Week only,0.46398307332817945,0.46398307332817945,54.25605916502363,832.4879326907576,ARIMAX reservation only,0.47651973960604826,0.47651973960604826,52.975288651520394,831.9684247033047,ARIMAX full,Bar/Cocktail,Tōkyō-to Toshima-ku Minamiikebukuro,0.3292384281314331,0.3143766181701157,-0.014861809961317418
air_c2c8435bdb3516d4,437,39,1.3685885495133239,1.3685885495133239,74.94716278699185,0.977227014491164,0.977227014491164,89.66890021581565,1129.9384415064771,SARIMA no exog,0.9493003449617406,0.9493003449617406,83.39777614339422,1124.312142564263,ARIMAX holiday only,0.9493086025871992,0.9493086025871992,83.39791452091464,1126.312151447403,ARIMAX holiday + weekend,0.9761153545339812,0.9761153545339812,89.64872585667165,1130.718871678318,ARIMAX Golden Week only,1.02566566067458,1.02566566067458,79.93000864718697,1111.4399226397113,ARIMAX reservation only,0.988710766144505,0.988710766144505,74.67478884147198,1106.2128283664438,ARIMAX full,Izakaya,Hokkaidō Asahikawa-shi 6 Jōdōri,0.39136153502215987,0.37987778336881883,-0.011483751653341034
air_e01d99390355408d,434,39,1.1207182343689144,1.1207182343689144,224.12907381289733,1.0158915278872354,1.0158915278872354,173.4120119337544,1087.0735004607955,SARIMA no exog,1.0127402854909129,1.0127402854909129,172.10656655764706,1088.930488262817,ARIMAX holiday only,1.0127402676308792,1.0127402676308792,172.1065582982988,1090.930488262218,ARIMAX holiday + weekend,1.0159164023518155,1.0159164023518155,173.43519998551886,1089.0720645137167,ARIMAX Golden Week only,1.015538394314799,1.015538394314799,173.17170901135654,1089.0465005779342,ARIMAX reservation only,1.0121235270665832,1.0121235270665832,171.7245922992823,1094.8959209815698,ARIMAX full,Dining bar,Tōkyō-to Setagaya-ku Setagaya,0.10482670648167902,0.10859470730233123,0.0037680008206522064
air_de692863bb2dd758,436,39,0.9206927164448377,0.9206927164448377,81.45818120432847,0.7636858542872713,0.7636858542872713,72.06146913062041,1060.4445328934273,SARIMA no exog,0.7727023734821762,0.7727023734821762,75.92933675496595,1042.6487695779374,ARIMAX holiday only,0.7723666092706238,0.7723666092706238,75.8549000125554,1044.6656371491658,ARIMAX holiday + weekend,0.7637119452179604,0.7637119452179604,72.57520115089216,1060.0485818308598,ARIMAX Golden Week only,1.537112225860767,1.537112225860767,72.00357160413077,890.2184985832114,ARIMAX reservation only,1.5278451618051252,1.5278451618051252,71.87969760863999,865.8442313466935,ARIMAX full,Izakaya,Fukuoka-ken Fukuoka-shi Hakata Ekimae,0.15700686215756643,-0.6071524453602875,-0.7641593075178539
air_0728814bd98f7367,434,39,0.991499137227861,0.991499137227861,158.03850470517136,0.6447113855849179,0.6447113855849179,69.77814453791066,1002.5534242810958,SARIMA no exog,0.6598625122867567,0.6598625122867567,68.78941081707539,1003.0185352213066,ARIMAX holiday only,0.6596665025662742,0.6596665025662742,68.81199452423647,1005.0185323569726,ARIMAX holiday + weekend,0.6456561014205041,0.6456561014205041,69.61056737637267,1004.5443382148354,ARIMAX Golden Week only,0.6447189958775261,0.6447189958775261,69.77334008169157,1004.5534215349949,ARIMAX reservation only,0.6860050155986832,0.6860050155986832,66.8339899409509,1009.5835325774807,ARIMAX full,Western food,Tōkyō-to Suginami-ku Asagayaminami,0.34678775164294307,0.3054941216291778,-0.04129363001376529
air_b4f32bcc399da2b9,410,39,1.1567649843915104,1.1567649843915104,137.1843799491756,0.8845848420342098,0.8845848420342098,97.62397203391365,1013.6715822099588,SARIMA no exog,0.8811932627963506,0.8811932627963506,95.71871412401134,1010.4153953782959,ARIMAX holiday only,0.8811922118994894,0.8811922118994894,95.71900935716809,1012.4153959411556,ARIMAX holiday + weekend,0.8867757215701132,0.8867757215701132,96.38622993941081,1013.6914416640873,ARIMAX Golden Week only,0.8827963305243843,0.8827963305243843,81.99130466707571,981.4638520846568,ARIMAX reservation only,0.8832649307676198,0.8832649307676198,80.76333482619384,980.2020662401133,ARIMAX full,Dining bar,Hiroshima-ken Hiroshima-shi Kokutaijimachi,0.2721801423573006,0.2735000536238906,0.0013199112665900348
air_81c5dff692063446,439,39,1.2209960240129776,1.2209960240129776,156.65099715099714,0.7927393714694314,0.7927393714694314,84.92533545069836,1031.493866598535,SARIMA no exog,0.7941206269785542,0.7941206269785542,84.93495192965105,1033.3940110943486,ARIMAX holiday only,0.7941206100232677,0.7941206100232677,84.93494831418889,1035.3940110949898,ARIMAX holiday + weekend,0.7922364103451544,0.7922364103451544,84.97390374485087,1032.0547545163154,ARIMAX Golden Week only,0.7824322724457776,0.7824322724457776,86.38853508430773,1001.6918724645784,ARIMAX reservation only,0.7803980279758171,0.7803980279758171,86.43105967365639,1007.3707421741228,ARIMAX full,Dining bar,Ōsaka-fu Ōsaka-shi Ōgimachi,0.42825665254354617,0.44059799603716043,0.012341343493614265
air_142e78ba7001da9c,438,39,0.7819655778310481,0.7819655778310481,115.82130832130831,0.7044432911938099,0.7044432911938099,70.47015639545798,959.2856639425987,SARIMA no exog,0.7011556811278962,0.7011556811278962,75.34070171849118,949.4577946742864,ARIMAX holiday only,0.7011556350510147,0.7011556350510147,75.3406975944127,951.4577946762026,ARIMAX holiday + weekend,0.7025314305852539,0.7025314305852539,71.24885316617703,956.3456127231002,ARIMAX Golden Week only,0.8748768756151347,0.8748768756151347,67.59306155575965,882.2173871700097,ARIMAX reservation only,0.8526597138327414,0.8526597138327414,66.52196486774044,878.9162471637609,ARIMAX full,Italian/French,Hyōgo-ken Nishinomiya-shi Rokutanjichō,0.07752228663723826,-0.07069413600169328,-0.14821642263893153
air_03963426c9312048,436,39,1.0004760180709142,1.0004760180709142,122.04755777616047,0.9099579217499704,0.9099579217499704,104.56054562325114,897.6542140853352,SARIMA no exog,0.874864281465709,0.874864281465709,86.03335314016218,886.6471849290601,ARIMAX holiday only,0.874864275516834,0.874864275516834,86.03335322890602,888.6471849297561,ARIMAX holiday + weekend,0.9101443651225364,0.9101443651225364,104.54707051423054,898.936118847442,ARIMAX Golden Week only,1.069104616596793,1.0693177174484925,76.43406445238973,820.6217200033537,ARIMAX reservation only,1.0538688214819698,1.0541519411208453,69.50808776140707,817.0960081035989,ARIMAX full,Izakaya,Hiroshima-ken Hiroshima-shi Kokutaijimachi,0.09051809632094387,-0.05339280341105557,-0.14391089973199944
air_c9f6de13be8b8f25,435,39,0.5252367207899102,0.5252367207899102,63.35063085063084,0.49080522663774256,0.49080522663774256,63.41695155900684,847.815298577115,SARIMA no exog,0.47808984434514024,0.4780898443451402,63.04702517128528,846.4397412714267,ARIMAX holiday only,0.47808984893034634,0.47808984893034634,63.047028609867006,848.43974126883,ARIMAX holiday + weekend,0.49066286730379344,0.49066286730379344,63.34990642634081,847.6643542928635,ARIMAX Golden Week only,0.4908052455016848,0.4908052455016848,63.41695347845755,849.8152985771476,ARIMAX reservation only,0.4796010583821895,0.4796010583821895,63.04693792570549,851.3410750263126,ARIMAX full,Bar/Cocktail,Fukuoka-ken Fukuoka-shi Daimyō,0.034431494152167674,0.04563566240772071,0.011204168255553038
air_fcd4492c83f1c6b9,435,39,1.4495602535813767,1.4495602535813767,304.1577177342417,1.0964095669095757,1.0964095669095757,212.20884450194015,1185.0548809887887,SARIMA no exog,1.0547645277456443,1.0547645277456443,198.20724927989716,1172.6888647301491,ARIMAX holiday only,1.054742617550612,1.054742617550612,198.19871739340613,1174.688879692176,ARIMAX holiday + weekend,1.0967797440255147,1.0967797440255147,213.0212100343286,1185.0343707365819,ARIMAX Golden Week only,1.0927574340533048,1.0927574340533048,170.70345655483962,1167.0471298756345,ARIMAX reservation only,1.0814820591072982,1.0814820591072982,160.48681277946233,1158.1428560679146,ARIMAX full,Dining bar,Tōkyō-to Shibuya-ku Shibuya,0.35315068667180105,0.3680781944740785,0.014927507802277473
air_25d8e5cc57dd87d9,439,39,1.070998995080159,1.070998995080159,240.6198174348119,1.0899305476759225,1.0899305476759225,190.3588723382034,1178.5674198644667,SARIMA no exog,1.039837062404978,1.039837062404978,181.83382757410527,1156.7245535779696,ARIMAX holiday only,1.0398370768698115,1.0398370768698115,181.83382148411653,1158.724553575114,ARIMAX holiday + weekend,1.0896800086088054,1.0896800086088054,190.7013866195301,1180.4808468179856,ARIMAX Golden Week only,1.08993055365693,1.08993055365693,190.3588767576997,1180.5674198637244,ARIMAX reservation only,1.0352803454008825,1.0352803454008825,182.92467229126885,1159.9991331661486,ARIMAX full,Western food,Tōkyō-to Shibuya-ku Shibuya,-0.0189315525957634,0.035718649679276515,0.054650202275039916
air_57ed725a1930a5b9,439,39,0.8806085539988214,0.8806085539988214,48.959491971230136,0.6242106453311094,0.6242106453311094,41.04195141175518,861.619026119264,SARIMA no exog,0.5657728961423871,0.5657728961423871,40.549885931317995,843.7409377801062,ARIMAX holiday only,0.5657779550703713,0.5657779550703713,40.550816133389155,845.7406724121503,ARIMAX holiday + weekend,0.619507667190893,0.619507667190893,40.74735145506567,851.7149157716103,ARIMAX Golden Week only,0.6242106597772243,0.6242106597772243,41.04194278733205,863.6190268190542,ARIMAX reservation only,0.5706810070091322,0.5706810070091322,40.475946288389395,843.7516392303313,ARIMAX full,Cafe/Sweets,Tōkyō-to Shinjuku-ku Kabukichō,0.25639790866771206,0.3099275469896893,0.05352963832197721
air_082908692355165e,436,39,1.1420450463720089,1.1420450463720089,196.12428004926392,0.7359562377546042,0.7359562377546042,101.38336890284221,1245.4154752618535,SARIMA no exog,0.6360948649440356,0.6360948649440356,74.3418234376933,1208.3456263526318,ARIMAX holiday only,0.6347383528286888,0.6347383528286888,74.03166028255404,1210.3103816209123,ARIMAX holiday + weekend,0.7377147848808177,0.7377147848808177,100.72990600665892,1246.6113842474547,ARIMAX Golden Week only,0.7385431462356778,0.7385431462356778,101.98424883913934,1243.6270798497494,ARIMAX reservation only,0.635418919836596,0.635418919836596,74.32529679329805,1209.3142076624608,ARIMAX full,Italian/French,Tōkyō-to Shinjuku-ku Kabukichō,0.4060888086174047,0.5066261265354128,0.10053731791800813
air_9352c401d5adb01b,436,39,0.7188791154398998,0.7188791154398998,109.49214307308586,0.8129494275341747,0.8129494275341747,86.24435282705795,1062.2214250011966,SARIMA no exog,0.7997471541738984,0.7997471541738984,89.23094320691754,1058.365461796859,ARIMAX holiday only,0.7997226176376949,0.7997226176376949,89.23613086844091,1060.365461665575,ARIMAX holiday + weekend,0.7816320429677492,0.7816320429677492,93.10510617368769,1063.8645165626303,ARIMAX Golden Week only,0.797683653570871,0.797683653570871,91.61367107861344,1045.8503535916616,ARIMAX reservation only,0.7963008057978134,0.7963008057978134,95.31022123674443,1044.7294269276385,ARIMAX full,Japanese food,Hiroshima-ken Hiroshima-shi Kokutaijimachi,-0.09407031209427485,-0.07742169035791358,0.01664862173636128
air_b2d8bc9c88b85f96,439,35,1.9313048289347923,1.9313048289347923,876.847396480589,1.9094080476994681,1.9094080476994681,819.4589249202886,1090.8556649210977,SARIMA no exog,1.9035292033822893,1.9035292033822893,812.5459414184477,1085.1583705828434,ARIMAX holiday only,1.9035292036299418,1.9035292036299418,812.5459417188356,1087.1583705812247,ARIMAX holiday + weekend,1.9211471939379112,1.9211471939379112,835.3520872864641,1088.4203459898858,ARIMAX Golden Week only,1.9094080541116565,1.9094080541116565,819.4589331964444,1092.8556649209036,ARIMAX reservation only,1.9082101588733684,1.9082101588733684,818.8054341178836,1086.0134581339803,ARIMAX full,Dining bar,Fukuoka-ken Fukuoka-shi Tenjin,0.021896781235324125,0.02309467006142385,0.0011978888260997245
air_20619d21192aa571,438,39,1.3049913709540033,1.3049913709540033,232.30440454270567,1.129069122453548,1.129069122453548,216.30838386038644,1080.2341655123555,SARIMA no exog,1.1372430348221814,1.1372430348221814,222.47654192527668,1075.3519632846037,ARIMAX holiday only,1.1372430392187607,1.1372430392187607,222.47654276871103,1077.3519632851844,ARIMAX holiday + weekend,1.1292476622861503,1.1292476622861503,216.36206974184904,1082.0576066597014,ARIMAX Golden Week only,1.129069145625881,1.129069145625881,216.30840338136775,1082.2341655063833,ARIMAX reservation only,1.1378627907220762,1.1378627907220762,222.97889784101463,1081.2570245520346,ARIMAX full,Cafe/Sweets,Ōsaka-fu Ōsaka-shi Kyūtarōmachi,0.17592224850045524,0.16712858023192712,-0.008793668268528121
air_c1d5d165c055b866,435,39,0.8265718860964045,0.8265718860964045,113.39502468599234,0.8078525797138223,0.8078525797138223,105.70161803875509,1118.9090999698817,SARIMA no exog,0.7507460523983762,0.7507460523983762,88.78897627658384,1099.1094878395754,ARIMAX holiday only,0.7505721968104746,0.7505721968104746,88.7396566308692,1101.1076064508436,ARIMAX holiday + weekend,0.8091386637330805,0.8091386637330805,106.04679530762517,1120.0885703699482,ARIMAX Golden Week only,0.8078525736273058,0.8078525736273058,105.70162393485703,1120.9091000018584,ARIMAX reservation only,0.7449893176497866,0.7449893176497866,87.54020476384491,1102.6475762455327,ARIMAX full,Izakaya,Miyagi-ken Sendai-shi Kamisugi,0.018719306382582235,0.08158256844661793,0.0628632620640357
air_4c665a2bfff0da3b,436,39,0.6884789994802446,0.6884789994802446,76.61948806179578,0.6316366234298388,0.6316366234298388,62.109837183085624,879.1271242323267,SARIMA no exog,0.6025670251308404,0.6025670251308404,59.8143808332915,864.3571928943159,ARIMAX holiday only,0.6026219713223848,0.6026219713223848,59.81367303110675,866.3572274667118,ARIMAX holiday + weekend,0.62173844453092,0.62173844453092,61.966673783931114,866.2237083272071,ARIMAX Golden Week only,0.6316366758779667,0.6316366758779667,62.10983914990227,881.1271242318312,ARIMAX reservation only,0.5967256901082858,0.5967256901082858,59.85350740166061,868.7925156212758,ARIMAX full,Bar/Cocktail,Tōkyō-to Minato-ku Roppongi,0.05684237605040576,0.0917533093719588,0.03491093332155304
air_1f1390a8be2272b3,435,39,0.8521902771459969,0.8521902771459969,51.3083083052917,0.590439051601888,0.590439051601888,53.42926752217048,973.6803990879076,SARIMA no exog,0.5991314868497377,0.5991314868497377,52.352536396461225,946.7545551561324,ARIMAX holiday only,0.5991314917562882,0.5991314917562882,52.35253532035573,948.7545551570647,ARIMAX holiday + weekend,0.5905053343454467,0.5905053343454467,53.16750809529329,974.8976001947656,ARIMAX Golden Week only,0.6051589092209663,0.6051589092209663,53.44539762823738,967.6804680150501,ARIMAX reservation only,0.6221085486852111,0.6221085486852111,53.43243846051367,943.4852288503499,ARIMAX full,Japanese food,Tōkyō-to Shinjuku-ku Kabukichō,0.2617512255441089,0.23008172846078578,-0.03166949708332312
